id,participant,name,iso_code,created_at,updated_at
1,1656,Kenny Urban,840,2025-07-13T03:00:24.225Z,2025-07-13T03:00:24.225Z
2,1656,NaPoM,840,2025-07-13T03:00:24.225Z,2025-07-13T03:00:24.225Z
3,1657,Wawad,250,2025-07-13T03:00:24.225Z,2025-07-13T03:00:24.225Z
4,1657,Beatness,250,2025-07-13T03:00:24.225Z,2025-07-13T03:00:24.225Z
5,1658,Pash,643,2025-07-13T03:00:24.225Z,2025-07-13T03:00:24.225Z
6,1658,Jayton,643,2025-07-13T03:00:24.225Z,2025-07-13T03:00:24.225Z
7,1659,K.I.M.,250,2025-07-13T03:00:24.225Z,2025-07-13T03:00:24.225Z
8,1659,BigBen,56,2025-07-13T03:00:24.225Z,2025-07-13T03:00:24.225Z
11,1661,Kaila Mullady,840,2025-07-13T03:00:24.225Z,2025-07-13T03:00:24.225Z
12,1661,Mark Martin,840,2025-07-13T03:00:24.225Z,2025-07-13T03:00:24.225Z
13,1662,Efaybee,250,2025-07-13T03:00:24.225Z,2025-07-13T03:00:24.225Z
14,1662,Alexinho,250,2025-07-13T03:00:24.225Z,2025-07-13T03:00:24.225Z
15,1663,Timmeh,528,2025-07-13T03:00:24.225Z,2025-07-13T03:00:24.225Z
16,1663,B-Art,528,2025-07-13T03:00:24.225Z,2025-07-13T03:00:24.225Z
17,1664,Alem,250,2025-07-13T03:00:24.225Z,2025-07-13T03:00:24.225Z
18,1664,Skiller,100,2025-07-13T03:00:24.225Z,2025-07-13T03:00:24.225Z
21,1666,Gene Shinozaki,840,2025-07-13T03:00:24.225Z,2025-07-13T03:00:24.225Z
22,1666,Chris Celiz,840,2025-07-13T03:00:24.225Z,2025-07-13T03:00:24.225Z
23,1693,Pash,643,2025-07-13T03:00:24.225Z,2025-07-13T03:00:24.225Z
24,1693,Jayton,643,2025-07-13T03:00:24.225Z,2025-07-13T03:00:24.225Z
25,1694,Gene Shinozaki,840,2025-07-13T03:00:24.225Z,2025-07-13T03:00:24.225Z
26,1694,Chris Celiz,840,2025-07-13T03:00:24.225Z,2025-07-13T03:00:24.225Z
27,1695,NaPoM,840,2025-07-13T03:00:24.225Z,2025-07-13T03:00:24.225Z
28,1695,Kenny Urban,840,2025-07-13T03:00:24.225Z,2025-07-13T03:00:24.225Z
29,1696,Nin'oz,250,2025-07-13T03:00:24.225Z,2025-07-13T03:00:24.225Z
30,1696,Andro,250,2025-07-13T03:00:24.225Z,2025-07-13T03:00:24.225Z
31,1697,Efaybee,250,2025-07-13T03:00:24.225Z,2025-07-13T03:00:24.225Z
32,1697,Alexinho,250,2025-07-13T03:00:24.225Z,2025-07-13T03:00:24.225Z
33,1698,Ettoman,392,2025-07-13T03:00:24.225Z,2025-07-13T03:00:24.225Z
34,1698,Tatsuaki,392,2025-07-13T03:00:24.225Z,2025-07-13T03:00:24.225Z
35,1699,Eon,40,2025-07-13T03:00:24.225Z,2025-07-13T03:00:24.225Z
36,1699,Georgy,40,2025-07-13T03:00:24.225Z,2025-07-13T03:00:24.225Z
37,1700,Zhang Ze,156,2025-07-13T03:00:24.225Z,2025-07-13T03:00:24.225Z
38,1700,Ah Xin,156,2025-07-13T03:00:24.225Z,2025-07-13T03:00:24.225Z
39,1701,Hiss,410,2025-07-13T03:00:24.225Z,2025-07-13T03:00:24.225Z
40,1701,Two.H,410,2025-07-13T03:00:24.225Z,2025-07-13T03:00:24.225Z
41,1702,Bellatrix,826,2025-07-13T03:00:24.225Z,2025-07-13T03:00:24.225Z
42,1702,Grace Savage,826,2025-07-13T03:00:24.225Z,2025-07-13T03:00:24.225Z
43,1727,Samy Try,250,2025-07-13T03:00:24.225Z,2025-07-13T03:00:24.225Z
44,1727,Bronix,250,2025-07-13T03:00:24.225Z,2025-07-13T03:00:24.225Z
45,1728,A-Kam,826,2025-07-13T03:00:24.225Z,2025-07-13T03:00:24.225Z
46,1728,Graycloud,826,2025-07-13T03:00:24.225Z,2025-07-13T03:00:24.225Z
47,1729,Voxel,528,2025-07-13T03:00:24.225Z,2025-07-13T03:00:24.225Z
48,1729,B-Art,528,2025-07-13T03:00:24.225Z,2025-07-13T03:00:24.225Z
49,1730,Gene Shinozaki,840,2025-07-13T03:00:24.225Z,2025-07-13T03:00:24.225Z
50,1730,Chris Celiz,840,2025-07-13T03:00:24.225Z,2025-07-13T03:00:24.225Z
51,1731,D-low,826,2025-07-13T03:00:24.225Z,2025-07-13T03:00:24.225Z
52,1731,Frosty,826,2025-07-13T03:00:24.225Z,2025-07-13T03:00:24.225Z
53,1732,NaPoM,840,2025-07-13T03:00:24.225Z,2025-07-13T03:00:24.225Z
54,1732,Kenny Urban,840,2025-07-13T03:00:24.225Z,2025-07-13T03:00:24.225Z
55,1733,Hiss,410,2025-07-13T03:00:24.225Z,2025-07-13T03:00:24.225Z
56,1733,Huckle,410,2025-07-13T03:00:24.225Z,2025-07-13T03:00:24.225Z
57,1734,Scott Jackson,124,2025-07-13T03:00:24.225Z,2025-07-13T03:00:24.225Z
58,1734,BBK,124,2025-07-13T03:00:24.225Z,2025-07-13T03:00:24.225Z
59,1735,Beatness,250,2025-07-13T03:00:24.225Z,2025-07-13T03:00:24.225Z
60,1735,Rythmind,250,2025-07-13T03:00:24.225Z,2025-07-13T03:00:24.225Z
61,1761,D-low,826,2025-07-13T03:00:24.225Z,2025-07-13T03:00:24.225Z
62,1761,Frosty,826,2025-07-13T03:00:24.225Z,2025-07-13T03:00:24.225Z
63,1762,Alem,250,2025-07-13T03:00:24.225Z,2025-07-13T03:00:24.225Z
64,1762,Alexinho,250,2025-07-13T03:00:24.225Z,2025-07-13T03:00:24.225Z
65,1763,Beasty,250,2025-07-13T03:00:24.225Z,2025-07-13T03:00:24.225Z
66,1763,Wawad,250,2025-07-13T03:00:24.225Z,2025-07-13T03:00:24.225Z
67,1764,Kaila Mullady,840,2025-07-13T03:00:24.225Z,2025-07-13T03:00:24.225Z
68,1764,Mark Martin,840,2025-07-13T03:00:24.225Z,2025-07-13T03:00:24.225Z
69,1765,Akindé,250,2025-07-13T03:00:24.225Z,2025-07-13T03:00:24.225Z
70,1765,Kenôzen,250,2025-07-13T03:00:24.225Z,2025-07-13T03:00:24.225Z
71,1766,Mr. Androide,152,2025-07-13T03:00:24.225Z,2025-07-13T03:00:24.225Z
72,1766,Tomazacre,152,2025-07-13T03:00:24.225Z,2025-07-13T03:00:24.225Z
73,1767,Ball-Zee,826,2025-07-13T03:00:24.225Z,2025-07-13T03:00:24.225Z
74,1767,Hobbit,826,2025-07-13T03:00:24.225Z,2025-07-13T03:00:24.225Z
75,1768,FootboxG,56,2025-07-13T03:00:24.225Z,2025-07-13T03:00:24.225Z
76,1768,Supernova,56,2025-07-13T03:00:24.225Z,2025-07-13T03:00:24.225Z
81,1771,Elisii,124,2025-07-13T03:00:24.225Z,2025-07-13T03:00:24.225Z
82,1771,Simon,124,2025-07-13T03:00:24.225Z,2025-07-13T03:00:24.225Z
83,1772,Graycloud,826,2025-07-13T03:00:24.225Z,2025-07-13T03:00:24.225Z
84,1772,A-Kam,826,2025-07-13T03:00:24.225Z,2025-07-13T03:00:24.225Z
85,1889,RYTHMIND,250,2025-07-13T03:00:24.225Z,2025-07-13T03:00:24.225Z
86,1889,BEATNESS,250,2025-07-13T03:00:24.225Z,2025-07-13T03:00:24.225Z
87,1890,RUSY,392,2025-07-13T03:00:24.225Z,2025-07-13T03:00:24.225Z
88,1890,SO-SO,392,2025-07-13T03:00:24.225Z,2025-07-13T03:00:24.225Z
89,1891,FriiDon,276,2025-07-13T03:00:24.225Z,2025-07-13T03:00:24.225Z
90,1891,SXIN,276,2025-07-13T03:00:24.225Z,2025-07-13T03:00:24.225Z
91,1892,BREZ,250,2025-07-13T03:00:24.225Z,2025-07-13T03:00:24.225Z
92,1892,CHRIS THEODIAN,250,2025-07-13T03:00:24.225Z,2025-07-13T03:00:24.225Z
93,1922,SUPERNOVA,56,2025-07-13T03:00:24.225Z,2025-07-13T03:00:24.225Z
94,1922,FOOTBOXG,56,2025-07-13T03:00:24.225Z,2025-07-13T03:00:24.225Z
95,1923,MB14,250,2025-07-13T03:00:24.225Z,2025-07-13T03:00:24.225Z
96,1923,SARO,250,2025-07-13T03:00:24.225Z,2025-07-13T03:00:24.225Z
101,1926,Kenôzen,250,2025-07-13T03:00:24.225Z,2025-07-13T03:00:24.225Z
102,1926,AKINDÉ,250,2025-07-13T03:00:24.225Z,2025-07-13T03:00:24.225Z
103,1927,Yuto,392,2025-07-13T03:00:24.225Z,2025-07-13T03:00:24.225Z
104,1927,Riki,392,2025-07-13T03:00:24.225Z,2025-07-13T03:00:24.225Z
105,1928,TOMAZACRE,152,2025-07-13T03:00:24.225Z,2025-07-13T03:00:24.225Z
106,1928,MR. ANDROIDE,152,2025-07-13T03:00:24.225Z,2025-07-13T03:00:24.225Z
107,1929,A-Kam,826,2025-07-13T03:00:24.225Z,2025-07-13T03:00:24.225Z
108,1929,Graycloud,826,2025-07-13T03:00:24.225Z,2025-07-13T03:00:24.225Z
109,1930,RIVER',250,2025-07-13T03:00:24.225Z,2025-07-13T03:00:24.225Z
110,1930,COLAPS,250,2025-07-13T03:00:24.225Z,2025-07-13T03:00:24.225Z
111,1931,Kaila Mullady,840,2025-07-13T03:00:24.225Z,2025-07-13T03:00:24.225Z
112,1931,Mark Martin,840,2025-07-13T03:00:24.225Z,2025-07-13T03:00:24.225Z
113,1932,FUGA,392,2025-07-13T03:00:24.225Z,2025-07-13T03:00:24.225Z
114,1932,HIRO,392,2025-07-13T03:00:24.225Z,2025-07-13T03:00:24.225Z
115,1933,RUSY,392,2025-07-13T03:00:24.225Z,2025-07-13T03:00:24.225Z
116,1933,KOHEY,392,2025-07-13T03:00:24.225Z,2025-07-13T03:00:24.225Z
117,1934,HELLCAT,410,2025-07-13T03:00:24.225Z,2025-07-13T03:00:24.225Z
118,1934,WING,410,2025-07-13T03:00:24.225Z,2025-07-13T03:00:24.225Z
119,1935,SXIN,276,2025-07-13T03:00:24.225Z,2025-07-13T03:00:24.225Z
120,1935,CHEZAME,276,2025-07-13T03:00:24.225Z,2025-07-13T03:00:24.225Z
121,1936,KAJI,392,2025-07-13T03:00:24.225Z,2025-07-13T03:00:24.225Z
122,1936,SO-SO,392,2025-07-13T03:00:24.225Z,2025-07-13T03:00:24.225Z
123,1937,PONO,840,2025-07-13T03:00:24.225Z,2025-07-13T03:00:24.225Z
124,1937,BIZKIT,840,2025-07-13T03:00:24.225Z,2025-07-13T03:00:24.225Z
125,1938,SCRIBBLY DOODLE,124,2025-07-13T03:00:24.225Z,2025-07-13T03:00:24.225Z
126,1938,JORDOX,124,2025-07-13T03:00:24.225Z,2025-07-13T03:00:24.225Z
127,1939,CHRIS THEODIAN,250,2025-07-13T03:00:24.225Z,2025-07-13T03:00:24.225Z
128,1939,ROBIN,250,2025-07-13T03:00:24.225Z,2025-07-13T03:00:24.225Z
129,1939,BREZ,250,2025-07-13T03:00:24.225Z,2025-07-13T03:00:24.225Z
130,1939,EFAYBEE,250,2025-07-13T03:00:24.225Z,2025-07-13T03:00:24.225Z
131,1939,ORFEY,250,2025-07-13T03:00:24.225Z,2025-07-13T03:00:24.225Z
132,1940,EON,40,2025-07-13T03:00:24.225Z,2025-07-13T03:00:24.225Z
133,1940,SLIZZER,40,2025-07-13T03:00:24.225Z,2025-07-13T03:00:24.225Z
134,1940,GEO POPOFF,40,2025-07-13T03:00:24.225Z,2025-07-13T03:00:24.225Z
135,1941,CHLOROPHIL,276,2025-07-13T03:00:24.225Z,2025-07-13T03:00:24.225Z
136,1941,RAPHA,276,2025-07-13T03:00:24.225Z,2025-07-13T03:00:24.225Z
137,1941,OFF THE BOX,276,2025-07-13T03:00:24.225Z,2025-07-13T03:00:24.225Z
138,1941,KAYS,276,2025-07-13T03:00:24.225Z,2025-07-13T03:00:24.225Z
139,1942,SO-SO,392,2025-07-13T03:00:24.225Z,2025-07-13T03:00:24.225Z
140,1942,RUSY,392,2025-07-13T03:00:24.225Z,2025-07-13T03:00:24.225Z
141,1942,KOHEY,392,2025-07-13T03:00:24.225Z,2025-07-13T03:00:24.225Z
142,1942,KAJI,392,2025-07-13T03:00:24.225Z,2025-07-13T03:00:24.225Z
143,1980,Colaps,250,2025-07-13T03:00:24.225Z,2025-07-13T03:00:24.225Z
144,1980,River',250,2025-07-13T03:00:24.225Z,2025-07-13T03:00:24.225Z
145,1981,Fuga,392,2025-07-13T03:00:24.225Z,2025-07-13T03:00:24.225Z
146,1981,HIRO,392,2025-07-13T03:00:24.225Z,2025-07-13T03:00:24.225Z
147,1982,YAMORI,392,2025-07-13T03:00:24.225Z,2025-07-13T03:00:24.225Z
148,1982,John-T,392,2025-07-13T03:00:24.225Z,2025-07-13T03:00:24.225Z
149,1983,Yuske,392,2025-07-13T03:00:24.225Z,2025-07-13T03:00:24.225Z
150,1983,Yuichi,392,2025-07-13T03:00:24.225Z,2025-07-13T03:00:24.225Z
151,1984,RUSY,392,2025-07-13T03:00:24.225Z,2025-07-13T03:00:24.225Z
152,1984,Kohey,392,2025-07-13T03:00:24.225Z,2025-07-13T03:00:24.225Z
153,1985,Hippy,376,2025-07-13T03:00:24.225Z,2025-07-13T03:00:24.225Z
154,1985,Max,376,2025-07-13T03:00:24.225Z,2025-07-13T03:00:24.225Z
155,1986,WinG,410,2025-07-13T03:00:24.225Z,2025-07-13T03:00:24.225Z
156,1986,Hellcat,410,2025-07-13T03:00:24.225Z,2025-07-13T03:00:24.225Z
157,1987,Heartzel,458,2025-07-13T03:00:24.225Z,2025-07-13T03:00:24.225Z
158,1987,Artsy,458,2025-07-13T03:00:24.225Z,2025-07-13T03:00:24.225Z
159,1988,ZVD,840,2025-07-13T03:00:24.225Z,2025-07-13T03:00:24.225Z
160,1988,Rahul,840,2025-07-13T03:00:24.225Z,2025-07-13T03:00:24.225Z
161,1989,Supernova,56,2025-07-13T03:00:24.225Z,2025-07-13T03:00:24.225Z
162,1989,FootboxG,56,2025-07-13T03:00:24.225Z,2025-07-13T03:00:24.225Z
163,1990,Slizzer,40,2025-07-13T03:00:24.225Z,2025-07-13T03:00:24.225Z
164,1990,Geo Popoff,40,2025-07-13T03:00:24.225Z,2025-07-13T03:00:24.225Z
165,1990,Eon,40,2025-07-13T03:00:24.225Z,2025-07-13T03:00:24.225Z
166,1991,Kohey,392,2025-07-13T03:00:24.225Z,2025-07-13T03:00:24.225Z
167,1991,KAJI,392,2025-07-13T03:00:24.225Z,2025-07-13T03:00:24.225Z
168,1991,SO-SO,392,2025-07-13T03:00:24.225Z,2025-07-13T03:00:24.225Z
169,1991,RUSY,392,2025-07-13T03:00:24.225Z,2025-07-13T03:00:24.225Z
170,1992,Helium,643,2025-07-13T03:00:24.225Z,2025-07-13T03:00:24.225Z
171,1992,Vahtang,643,2025-07-13T03:00:24.225Z,2025-07-13T03:00:24.225Z
172,1992,Andrey Grizz-Lee,643,2025-07-13T03:00:24.225Z,2025-07-13T03:00:24.225Z
173,1992,Taras Stanin,643,2025-07-13T03:00:24.225Z,2025-07-13T03:00:24.225Z
174,1993,BreZ,250,2025-07-13T03:00:24.225Z,2025-07-13T03:00:24.225Z
175,1993,Efaybee,250,2025-07-13T03:00:24.225Z,2025-07-13T03:00:24.225Z
176,1993,Robin,250,2025-07-13T03:00:24.225Z,2025-07-13T03:00:24.225Z
177,1993,ORFEY,250,2025-07-13T03:00:24.225Z,2025-07-13T03:00:24.225Z
178,1993,Chris TheOdian,250,2025-07-13T03:00:24.225Z,2025-07-13T03:00:24.225Z
179,1994,K.I.M.,250,2025-07-13T03:00:24.225Z,2025-07-13T03:00:24.225Z
180,1994,Faya Braz,250,2025-07-13T03:00:24.225Z,2025-07-13T03:00:24.225Z
181,1994,Colaps,250,2025-07-13T03:00:24.225Z,2025-07-13T03:00:24.225Z
182,1994,Scouilla,250,2025-07-13T03:00:24.225Z,2025-07-13T03:00:24.225Z
183,1995,Kays,276,2025-07-13T03:00:24.225Z,2025-07-13T03:00:24.225Z
184,1995,Bricks,276,2025-07-13T03:00:24.225Z,2025-07-13T03:00:24.225Z
185,1995,Marvelin,276,2025-07-13T03:00:24.225Z,2025-07-13T03:00:24.225Z
186,1995,ChloroPhil,276,2025-07-13T03:00:24.225Z,2025-07-13T03:00:24.225Z
187,1996,Mihir,356,2025-07-13T03:00:24.225Z,2025-07-13T03:00:24.225Z
188,1996,Shivali,356,2025-07-13T03:00:24.225Z,2025-07-13T03:00:24.225Z
189,1996,SonuBBX,356,2025-07-13T03:00:24.225Z,2025-07-13T03:00:24.225Z
190,1996,Wah Da Fu,356,2025-07-13T03:00:24.225Z,2025-07-13T03:00:24.225Z
191,2041,YAMORI,392,2025-07-13T03:00:24.225Z,2025-07-13T03:00:24.225Z
192,2041,JOHN-T,392,2025-07-13T03:00:24.225Z,2025-07-13T03:00:24.225Z
193,2042,SE-MA,392,2025-07-13T03:00:24.225Z,2025-07-13T03:00:24.225Z
194,2042,DYU-TAR,392,2025-07-13T03:00:24.225Z,2025-07-13T03:00:24.225Z
195,2043,BOOKIE BLANCO,250,2025-07-13T03:00:24.225Z,2025-07-13T03:00:24.225Z
196,2043,PACMAX,250,2025-07-13T03:00:24.225Z,2025-07-13T03:00:24.225Z
197,2044,TARAS STANIN,643,2025-07-13T03:00:24.225Z,2025-07-13T03:00:24.225Z
198,2044,IMPROVER,643,2025-07-13T03:00:24.225Z,2025-07-13T03:00:24.225Z
199,2045,COLOA,392,2025-07-13T03:00:24.225Z,2025-07-13T03:00:24.225Z
200,2045,MIZUKI,392,2025-07-13T03:00:24.225Z,2025-07-13T03:00:24.225Z
201,2046,CJ,364,2025-07-13T03:00:24.225Z,2025-07-13T03:00:24.225Z
202,2046,KARA,364,2025-07-13T03:00:24.225Z,2025-07-13T03:00:24.225Z
203,2047,YUICHI,392,2025-07-13T03:00:24.225Z,2025-07-13T03:00:24.225Z
204,2047,YUSKE,392,2025-07-13T03:00:24.225Z,2025-07-13T03:00:24.225Z
205,2048,COLAPS,250,2025-07-13T03:00:24.225Z,2025-07-13T03:00:24.225Z
206,2048,RIVER',250,2025-07-13T03:00:24.225Z,2025-07-13T03:00:24.225Z
207,2049,FUGA,392,2025-07-13T03:00:24.225Z,2025-07-13T03:00:24.225Z
208,2049,HIRO,392,2025-07-13T03:00:24.225Z,2025-07-13T03:00:24.225Z
209,2050,HICCUP,344,2025-07-13T03:00:24.225Z,2025-07-13T03:00:24.225Z
210,2050,THE-O,344,2025-07-13T03:00:24.225Z,2025-07-13T03:00:24.225Z
211,2051,EPOCK,250,2025-07-13T03:00:24.225Z,2025-07-13T03:00:24.225Z
212,2051,ÁELMIGHT,250,2025-07-13T03:00:24.225Z,2025-07-13T03:00:24.225Z
213,2051,OSY,250,2025-07-13T03:00:24.225Z,2025-07-13T03:00:24.225Z
214,2051,TUNECINOO,250,2025-07-13T03:00:24.225Z,2025-07-13T03:00:24.225Z
215,2052,KRISTÓF,348,2025-07-13T03:00:24.225Z,2025-07-13T03:00:24.225Z
216,2052,RAPTOR,348,2025-07-13T03:00:24.225Z,2025-07-13T03:00:24.225Z
217,2052,SHACKLE,348,2025-07-13T03:00:24.225Z,2025-07-13T03:00:24.225Z
218,2052,BLAZ,348,2025-07-13T03:00:24.225Z,2025-07-13T03:00:24.225Z
219,2053,SHINYAAA,392,2025-07-13T03:00:24.225Z,2025-07-13T03:00:24.225Z
220,2053,BLY CREPSLEY,392,2025-07-13T03:00:24.225Z,2025-07-13T03:00:24.225Z
221,2053,FKD,392,2025-07-13T03:00:24.225Z,2025-07-13T03:00:24.225Z
222,2054,WAH DA FU,356,2025-07-13T03:00:24.225Z,2025-07-13T03:00:24.225Z
223,2054,VINZAYN,356,2025-07-13T03:00:24.225Z,2025-07-13T03:00:24.225Z
224,2054,KAWAI SENPAI,356,2025-07-13T03:00:24.225Z,2025-07-13T03:00:24.225Z
225,2054,ANI SAKTE,356,2025-07-13T03:00:24.225Z,2025-07-13T03:00:24.225Z
226,2055,SO-SO,392,2025-07-13T03:00:24.225Z,2025-07-13T03:00:24.225Z
227,2055,RUSY,392,2025-07-13T03:00:24.225Z,2025-07-13T03:00:24.225Z
228,2055,KAJI,392,2025-07-13T03:00:24.225Z,2025-07-13T03:00:24.225Z
229,2055,KOHEY,392,2025-07-13T03:00:24.225Z,2025-07-13T03:00:24.225Z
230,2084,PACMAX,250,2025-07-13T03:00:24.225Z,2025-07-13T03:00:24.225Z
231,2084,BOOKIE BLANCO,250,2025-07-13T03:00:24.225Z,2025-07-13T03:00:24.225Z
232,2085,COLOA,392,2025-07-13T03:00:24.225Z,2025-07-13T03:00:24.225Z
233,2085,MIZUKI,392,2025-07-13T03:00:24.225Z,2025-07-13T03:00:24.225Z
234,2086,Yamori,392,2025-07-13T03:00:24.225Z,2025-07-13T03:00:24.225Z
235,2086,John-T,392,2025-07-13T03:00:24.225Z,2025-07-13T03:00:24.225Z
236,2087,Hiss,410,2025-07-13T03:00:24.225Z,2025-07-13T03:00:24.225Z
237,2087,WING,410,2025-07-13T03:00:24.225Z,2025-07-13T03:00:24.225Z
238,2088,MaxO,100,2025-07-13T03:00:24.225Z,2025-07-13T03:00:24.225Z
239,2088,SkilleR,100,2025-07-13T03:00:24.225Z,2025-07-13T03:00:24.225Z
240,2089,Riku Matsushima,392,2025-07-13T03:00:24.225Z,2025-07-13T03:00:24.225Z
241,2089,Darren,392,2025-07-13T03:00:24.225Z,2025-07-13T03:00:24.225Z
242,2090,JDY,156,2025-07-13T03:00:24.225Z,2025-07-13T03:00:24.225Z
243,2090,CHEEZE,156,2025-07-13T03:00:24.225Z,2025-07-13T03:00:24.225Z
244,2091,Jovial,840,2025-07-13T03:00:24.225Z,2025-07-13T03:00:24.225Z
245,2091,clutch,840,2025-07-13T03:00:24.225Z,2025-07-13T03:00:24.225Z
246,2092,Epock,250,2025-07-13T03:00:24.225Z,2025-07-13T03:00:24.225Z
247,2092,Tunecinoo,250,2025-07-13T03:00:24.225Z,2025-07-13T03:00:24.225Z
248,2092,Osy,250,2025-07-13T03:00:24.225Z,2025-07-13T03:00:24.225Z
249,2092,Áelmight,250,2025-07-13T03:00:24.225Z,2025-07-13T03:00:24.225Z
250,2093,Gene Shinozaki,840,2025-07-13T03:00:24.225Z,2025-07-13T03:00:24.225Z
251,2093,Kenny Urban,840,2025-07-13T03:00:24.225Z,2025-07-13T03:00:24.225Z
252,2093,NaPoM,840,2025-07-13T03:00:24.225Z,2025-07-13T03:00:24.225Z
253,2093,Amit,840,2025-07-13T03:00:24.225Z,2025-07-13T03:00:24.225Z
254,2093,Chris Celiz,840,2025-07-13T03:00:24.225Z,2025-07-13T03:00:24.225Z
255,2094,Tako,392,2025-07-13T03:00:24.225Z,2025-07-13T03:00:24.225Z
256,2094,Darren,392,2025-07-13T03:00:24.225Z,2025-07-13T03:00:24.225Z
257,2094,Serpent,410,2025-07-13T03:00:24.225Z,2025-07-13T03:00:24.225Z
258,2094,Ray,392,2025-07-13T03:00:24.225Z,2025-07-13T03:00:24.225Z
259,2094,Riku Matsushima,392,2025-07-13T03:00:24.225Z,2025-07-13T03:00:24.225Z
265,2096,ZaChoo,392,2025-07-13T03:00:24.225Z,2025-07-13T03:00:24.225Z
266,2096,yuto,392,2025-07-13T03:00:24.225Z,2025-07-13T03:00:24.225Z
268,1924,K.I.M.,250,2025-08-03T12:06:31.152Z,2025-08-03T12:06:31.152Z
269,1924,BIGBEN,56,2025-08-03T12:06:49.849Z,2025-08-03T12:06:49.849Z
270,1769,K.I.M.,250,2025-08-03T12:07:56.816Z,2025-08-03T12:07:56.816Z
271,1769,BIGBEN,56,2025-08-03T12:08:16.396Z,2025-08-03T12:08:16.396Z
272,2101,CJ,364,2025-08-10T10:17:57.746Z,2025-08-10T10:17:57.746Z
273,2101,KARA,364,2025-08-10T10:18:20.517Z,2025-08-10T10:18:20.517Z
267,2096,T2BBX,392,2025-07-13T03:00:24.225Z,2025-07-13T03:00:24.225Z
274,2121,wing,410,2025-12-24T10:10:03.466Z,2025-12-24T10:10:03.466Z
275,2121,hiss,410,2025-12-24T10:10:21.995Z,2025-12-24T10:10:21.995Z
276,2120,MAXO,100,2025-12-24T10:11:26.295Z,2025-12-24T10:11:26.295Z
277,2120,SKILLER,100,2025-12-24T10:11:42.698Z,2025-12-24T10:11:42.698Z
278,2122,GENE SHINOZAKI,840,2025-12-24T10:12:19.462Z,2025-12-24T10:12:19.462Z
279,2122,KENNY URBAN,840,2025-12-24T10:12:34.107Z,2025-12-24T10:12:34.107Z
280,2122,NAPOM,840,2025-12-24T10:12:44.348Z,2025-12-24T10:12:44.348Z
281,2122,AMIT,840,2025-12-24T10:12:53.328Z,2025-12-24T10:12:53.328Z
282,2122,CHRIS CELIZ,840,2025-12-24T10:13:02.074Z,2025-12-24T10:13:02.074Z
283,2119,Bookie Blanco,250,2026-01-12T04:44:18.294Z,2026-01-12T04:44:18.294Z
284,2119,pacmax,250,2026-01-12T04:44:32.654Z,2026-01-12T04:44:32.654Z
286,2125,JULARD,250,2026-03-23T10:24:55.050Z,2026-03-23T10:24:55.050Z
287,2125,PATBOX,250,2026-03-23T10:25:24.427Z,2026-03-23T10:25:24.427Z
288,2126,HICCUP,344,2026-03-23T10:27:04.812Z,2026-03-23T10:27:04.812Z
289,2126,THE-O,344,2026-03-23T10:27:30.238Z,2026-03-23T10:27:30.238Z
290,2127,OSY,250,2026-03-23T10:28:23.225Z,2026-03-23T10:28:23.225Z
291,2127,tunecinoo,788,2026-03-23T10:34:04.490Z,2026-03-23T10:34:04.490Z
292,2128,RIKU MATSUSHIMA,392,2026-03-23T10:34:39.696Z,2026-03-23T10:34:39.696Z
293,2128,DARREN,392,2026-03-23T10:35:00.220Z,2026-03-23T10:35:00.220Z
294,2129,D-LOW,826,2026-03-23T10:35:22.909Z,2026-03-23T10:35:22.909Z
295,2129,FROSTY,826,2026-03-23T10:35:39.242Z,2026-03-23T10:35:39.242Z
296,2130,Alexinho,250,2026-03-23T10:36:28.243Z,2026-03-23T10:36:28.243Z
297,2130,ALEM,250,2026-03-23T10:36:55.409Z,2026-03-23T10:36:55.409Z
298,2145,D-LOW,826,2026-05-01T12:10:56.662Z,2026-05-01T12:10:56.662Z
299,2145,FROSTY,826,2026-05-01T12:11:13.930Z,2026-05-01T12:11:13.930Z
300,2145,OSIS,372,2026-05-01T12:12:07.695Z,2026-05-01T12:12:07.695Z
301,2106,SE-MA,392,2026-05-06T11:50:42.108Z,2026-05-06T11:50:42.108Z
302,2106,DYU-TAR,392,2026-05-06T11:50:58.534Z,2026-05-06T11:50:58.534Z
303,2108,HIRONA,392,2026-05-06T11:51:21.855Z,2026-05-06T11:51:21.855Z
304,2108,RyoTracks,392,2026-05-06T11:51:36.938Z,2026-05-06T11:51:36.938Z
305,2108,TRIP,392,2026-05-06T11:51:49.807Z,2026-05-06T11:51:49.807Z
306,2108,RYOYO,392,2026-05-06T11:52:01.727Z,2026-05-06T11:52:01.727Z
307,2148,WAH DA FU,356,2026-05-23T03:56:47.607Z,2026-05-23T03:56:47.607Z
308,2148,VINZAYN,356,2026-05-23T03:56:59.237Z,2026-05-23T03:56:59.237Z
309,2148,KAWAI SENPAI,356,2026-05-23T03:57:17.592Z,2026-05-23T03:57:17.592Z
310,2148,ANI SAKTE,356,2026-05-23T03:57:26.408Z,2026-05-23T03:57:26.408Z
311,2149,ZVD,840,2026-05-23T03:59:28.103Z,2026-05-23T03:59:28.103Z
312,2149,clutch,840,2026-05-23T03:59:43.709Z,2026-05-23T03:59:43.709Z
313,2149,Rahul Ravi,840,2026-05-23T03:59:53.179Z,2026-05-23T03:59:53.179Z
314,2149,Jovial,840,2026-05-23T04:00:03.843Z,2026-05-23T04:00:03.843Z
