id,name,year,iso_code,is_cancelled,created_at,updated_at,category,ticket_class
1573,Slizzer,2013,442,false,2025-07-12T06:36:36.836Z,2025-07-12T06:36:36.836Z,1,invited
1574,Masta Mic,2013,643,false,2025-07-12T06:36:36.836Z,2025-07-12T06:36:36.836Z,1,invited
1575,Grison,2013,724,false,2025-07-12T06:36:36.836Z,2025-07-12T06:36:36.836Z,1,invited
1576,Hans Beatbox,2013,756,false,2025-07-12T06:36:36.836Z,2025-07-12T06:36:36.836Z,1,invited
1577,Camero,2013,756,false,2025-07-12T06:36:36.836Z,2025-07-12T06:36:36.836Z,1,invited
1578,Faya Braz,2013,250,false,2025-07-12T06:36:36.836Z,2025-07-12T06:36:36.836Z,1,invited
1579,Scott Jackson,2013,124,false,2025-07-12T06:36:36.836Z,2025-07-12T06:36:36.836Z,1,invited
1580,K.I.M.,2013,250,false,2025-07-12T06:36:36.836Z,2025-07-12T06:36:36.836Z,4,invited
1581,Robeat,2013,276,false,2025-07-12T06:36:36.836Z,2025-07-12T06:36:36.836Z,4,invited
1582,Tatsuya,2013,392,false,2025-07-12T06:36:36.836Z,2025-07-12T06:36:36.836Z,4,invited
1583,Doeme,2013,348,false,2025-07-12T06:36:36.836Z,2025-07-12T06:36:36.836Z,4,invited
1584,Alem,2013,250,false,2025-07-12T06:36:36.836Z,2025-07-12T06:36:36.836Z,4,invited
1585,Dharni,2013,702,false,2025-07-12T06:36:36.836Z,2025-07-12T06:36:36.836Z,4,invited
1586,Yason,2013,826,false,2025-07-12T06:36:36.836Z,2025-07-12T06:36:36.836Z,4,invited
1587,Keumart,2013,756,false,2025-07-12T06:36:36.836Z,2025-07-12T06:36:36.836Z,4,invited
1588,Two.H,2013,410,false,2025-07-12T06:36:36.836Z,2025-07-12T06:36:36.836Z,4,invited
1589,Primitiv,2013,56,false,2025-07-12T06:36:36.836Z,2025-07-12T06:36:36.836Z,4,invited
1590,Beat Rhino,2013,840,false,2025-07-12T06:36:36.836Z,2025-07-12T06:36:36.836Z,4,Wildcard 1
1591,Sh0h,2013,392,false,2025-07-12T06:36:36.836Z,2025-07-12T06:36:36.836Z,4,Wildcard 2
1592,Babeli,2013,276,false,2025-07-12T06:36:36.836Z,2025-07-12T06:36:36.836Z,4,Wildcard 3
1593,Gasu,2014,724,false,2025-07-12T06:36:36.836Z,2025-07-12T06:36:36.836Z,1,Wildcard 1
1594,Faya Braz,2014,250,false,2025-07-12T06:36:36.836Z,2025-07-12T06:36:36.836Z,1,invited
1595,Keumart,2014,756,false,2025-07-12T06:36:36.836Z,2025-07-12T06:36:36.836Z,1,invited
1596,Camero,2014,756,false,2025-07-12T06:36:36.836Z,2025-07-12T06:36:36.836Z,1,invited
1597,Hobbit,2014,826,false,2025-07-12T06:36:36.836Z,2025-07-12T06:36:36.836Z,1,invited
1598,Degree,2014,276,false,2025-07-12T06:36:36.836Z,2025-07-12T06:36:36.836Z,1,invited
1599,Penkyx,2014,56,false,2025-07-12T06:36:36.836Z,2025-07-12T06:36:36.836Z,1,invited
1600,Grison,2014,724,false,2025-07-12T06:36:36.836Z,2025-07-12T06:36:36.836Z,1,invited
1601,Dharni,2014,702,false,2025-07-12T06:36:36.836Z,2025-07-12T06:36:36.836Z,4,GBB13 1st
1602,Alexinho,2014,250,false,2025-07-12T06:36:36.836Z,2025-07-12T06:36:36.836Z,4,Wildcard 1
1603,Markooz,2014,724,false,2025-07-12T06:36:36.836Z,2025-07-12T06:36:36.836Z,4,Wildcard 2
1604,Wawad,2014,250,false,2025-07-12T06:36:36.836Z,2025-07-12T06:36:36.836Z,4,Wildcard 3
1605,B-Art,2014,528,false,2025-07-12T06:36:36.836Z,2025-07-12T06:36:36.836Z,4,Wildcard 4
1606,K.I.M.,2014,250,false,2025-07-12T06:36:36.836Z,2025-07-12T06:36:36.836Z,4,Wildcard 5
1607,Sid FX,2014,826,false,2025-07-12T06:36:36.836Z,2025-07-12T06:36:36.836Z,4,Wildcard 6
1608,HeartGrey,2014,344,false,2025-07-12T06:36:36.836Z,2025-07-12T06:36:36.836Z,4,Wildcard 7
1609,Two.H,2014,410,false,2025-07-12T06:36:36.836Z,2025-07-12T06:36:36.836Z,4,Wildcard 8
1610,Jimix,2014,158,false,2025-07-12T06:36:36.836Z,2025-07-12T06:36:36.836Z,4,Public vote 1
1611,Funkaztek,2014,756,false,2025-07-12T06:36:36.836Z,2025-07-12T06:36:36.836Z,4,Swiss representative
1612,MB14,2015,250,false,2025-07-12T06:36:36.836Z,2025-07-12T06:36:36.836Z,1,Wildcard 1
1613,Ibarra,2015,528,false,2025-07-12T06:36:36.836Z,2025-07-12T06:36:36.836Z,1,invited
1614,Penkyx,2015,56,false,2025-07-12T06:36:36.836Z,2025-07-12T06:36:36.836Z,1,invited
1615,RamZ,2015,826,false,2025-07-12T06:36:36.836Z,2025-07-12T06:36:36.836Z,1,invited
1616,Wawad,2015,250,false,2025-07-12T06:36:36.836Z,2025-07-12T06:36:36.836Z,1,invited
1617,Sung Lee,2015,840,false,2025-07-12T06:36:36.836Z,2025-07-12T06:36:36.836Z,1,invited
1618,Mando,2015,276,false,2025-07-12T06:36:36.836Z,2025-07-12T06:36:36.836Z,1,invited
1619,Keumart,2015,756,false,2025-07-12T06:36:36.836Z,2025-07-12T06:36:36.836Z,1,invited
1620,Alexinho,2015,250,false,2025-07-12T06:36:36.836Z,2025-07-12T06:36:36.836Z,4,GBB14 top4
1621,K.I.M.,2015,250,false,2025-07-12T06:36:36.836Z,2025-07-12T06:36:36.836Z,4,GBB14 top4
1622,Pash,2015,643,false,2025-07-12T06:36:36.836Z,2025-07-12T06:36:36.836Z,4,Wildcard 1
1623,Gene shinozaki,2015,840,false,2025-07-12T06:36:36.836Z,2025-07-12T06:36:36.836Z,4,Wildcard 2
1624,Timmeh,2015,528,false,2025-07-12T06:36:36.836Z,2025-07-12T06:36:36.836Z,4,Wildcard 3
1625,Kenny Urban,2015,840,false,2025-07-12T06:36:36.836Z,2025-07-12T06:36:36.836Z,4,Wildcard 4
1626,B-Art,2015,528,false,2025-07-12T06:36:36.836Z,2025-07-12T06:36:36.836Z,4,Wildcard 5
1627,Babeli,2015,276,false,2025-07-12T06:36:36.836Z,2025-07-12T06:36:36.836Z,4,Wildcard 6
1628,Efaybee,2015,250,false,2025-07-12T06:36:36.836Z,2025-07-12T06:36:36.836Z,4,Wildcard 7
1629,Slykku,2015,380,false,2025-07-12T06:36:36.836Z,2025-07-12T06:36:36.836Z,4,Public vote 2
1630,Jayton,2015,643,false,2025-07-12T06:36:36.836Z,2025-07-12T06:36:36.836Z,4,Public vote 3
1631,FunkAzteK,2015,756,false,2025-07-12T06:36:36.836Z,2025-07-12T06:36:36.836Z,4,Swiss_wildcard 1
1632,Denis the Menace,2015,756,false,2025-07-12T06:36:36.836Z,2025-07-12T06:36:36.836Z,4,Swiss_wildcard 2
1633,Wawad,2016,250,false,2025-07-12T06:36:36.836Z,2025-07-12T06:36:36.836Z,1,GBB15 top4
1634,MB14,2016,250,false,2025-07-12T06:36:36.836Z,2025-07-12T06:36:36.836Z,1,GBB15 top4
1635,Ibarra,2016,528,false,2025-07-12T06:36:36.836Z,2025-07-12T06:36:36.836Z,1,Wildcard 1
1636,Gon,2016,440,false,2025-07-12T06:36:36.836Z,2025-07-12T06:36:36.836Z,1,Wildcard 1
1637,Arthur Henry,2016,756,false,2025-07-12T06:36:36.836Z,2025-07-12T06:36:36.836Z,1,Swiss_wildcard 1
1638,Oxbox,2016,826,false,2025-07-12T06:36:36.836Z,2025-07-12T06:36:36.836Z,1,invited
1639,Tioneb,2016,250,false,2025-07-12T06:36:36.836Z,2025-07-12T06:36:36.836Z,1,invited
1640,Thorsen,2016,208,false,2025-07-12T06:36:36.836Z,2025-07-12T06:36:36.836Z,1,invited
1641,Gene shinozaki,2016,840,false,2025-07-12T06:36:36.836Z,2025-07-12T06:36:36.836Z,4,GBB15 top4
1642,Efaybee,2016,250,false,2025-07-12T06:36:36.836Z,2025-07-12T06:36:36.836Z,4,GBB15 top4
1643,Babeli,2016,276,false,2025-07-12T06:36:36.836Z,2025-07-12T06:36:36.836Z,4,GBB15 top4
1644,Jayton,2016,643,false,2025-07-12T06:36:36.836Z,2025-07-12T06:36:36.836Z,4,GBB15 top4
1645,Pash,2016,643,false,2025-07-12T06:36:36.836Z,2025-07-12T06:36:36.836Z,4,Wildcard 1
1646,Bloomer,2016,840,false,2025-07-12T06:36:36.836Z,2025-07-12T06:36:36.836Z,4,Wildcard 2
1647,Beat Rhino,2016,840,false,2025-07-12T06:36:36.836Z,2025-07-12T06:36:36.836Z,4,Wildcard 3
1648,Cosmin,2016,642,false,2025-07-12T06:36:36.836Z,2025-07-12T06:36:36.836Z,4,Wildcard 4
1649,Bataco,2016,392,false,2025-07-12T06:36:36.836Z,2025-07-12T06:36:36.836Z,4,Wildcard 5
1650,FunkAzteK,2016,756,false,2025-07-12T06:36:36.836Z,2025-07-12T06:36:36.836Z,4,Swiss_wildcard 1
1651,Arthur Henry,2016,756,false,2025-07-12T06:36:36.836Z,2025-07-12T06:36:36.836Z,4,Swiss_wildcard 2
1652,Zhang Ze,2016,156,false,2025-07-12T06:36:36.836Z,2025-07-12T06:36:36.836Z,4,China Beatbox Championship 2015
1653,NaPoM,2016,840,false,2025-07-12T06:36:36.836Z,2025-07-12T06:36:36.836Z,4,invited
1654,Kaila Mullady,2016,840,false,2025-07-12T06:36:36.836Z,2025-07-12T06:36:36.836Z,4,invited
1655,Kenny Urban,2016,840,false,2025-07-12T06:36:36.836Z,2025-07-12T06:36:36.836Z,4,invited
1656,K-pom,2016,840,false,2025-07-12T06:36:36.836Z,2025-07-12T06:36:36.836Z,5,invited
1657,Fabulous Wadness,2016,250,false,2025-07-12T06:36:36.836Z,2025-07-12T06:36:36.836Z,5,invited
1658,Mad Twinz,2016,643,false,2025-07-12T06:36:36.836Z,2025-07-12T06:36:36.836Z,5,invited
1661,Power Couple,2016,840,false,2025-07-12T06:36:36.836Z,2025-07-12T06:36:36.836Z,5,invited
1662,Costik Storm,2016,250,false,2025-07-12T06:36:36.836Z,2025-07-12T06:36:36.836Z,5,invited
1663,Polyrhythm,2016,528,false,2025-07-12T06:36:36.836Z,2025-07-12T06:36:36.836Z,5,invited
1659,Shadow Sumo,2016,9999,false,2025-07-12T06:36:36.836Z,2025-07-12T06:36:36.836Z,5,invited
1666,Spider Horse,2016,840,false,2025-07-12T06:36:36.836Z,2025-07-12T06:36:36.836Z,5,invited
1667,Thorsen,2017,208,false,2025-07-12T06:36:36.836Z,2025-07-12T06:36:36.836Z,1,GBB 2016 Loopstation Champion
1668,Tioneb,2017,250,false,2025-07-12T06:36:36.836Z,2025-07-12T06:36:36.836Z,1,GBB 2016 Loopstation Vice Champion
1669,Saro,2017,250,false,2025-07-12T06:36:36.836Z,2025-07-12T06:36:36.836Z,1,Wildcard 1
1670,Robin,2017,250,false,2025-07-12T06:36:36.836Z,2025-07-12T06:36:36.836Z,1,Wildcard 2
1671,Camero,2017,756,false,2025-07-12T06:36:36.836Z,2025-07-12T06:36:36.836Z,1,Wildcard 3
1672,Slizzer,2017,442,false,2025-07-12T06:36:36.836Z,2025-07-12T06:36:36.836Z,1,Invited
1673,MB14,2017,250,false,2025-07-12T06:36:36.836Z,2025-07-12T06:36:36.836Z,1,Invited
1674,Penkyx,2017,56,false,2025-07-12T06:36:36.836Z,2025-07-12T06:36:36.836Z,1,Invited
1675,Grace Savage,2017,826,true,2025-07-12T06:36:36.836Z,2025-07-12T06:36:36.836Z,1,Invited
1676,Kenny Urban,2017,840,false,2025-07-12T06:36:36.836Z,2025-07-12T06:36:36.836Z,4,GBB 2016 Champion
1677,NaPoM,2017,840,false,2025-07-12T06:36:36.836Z,2025-07-12T06:36:36.836Z,4,GBB 2016 Vice Champion
1678,Babeli,2017,276,false,2025-07-12T06:36:36.836Z,2025-07-12T06:36:36.836Z,4,GBB 2016 4th place
1679,Efaybee,2017,250,false,2025-07-12T06:36:36.836Z,2025-07-12T06:36:36.836Z,4,GBB 2016 5th place
1680,Zhang Ze,2017,156,false,2025-07-12T06:36:36.836Z,2025-07-12T06:36:36.836Z,4,GBB 2016 6th place
1681,Alexinho,2017,250,false,2025-07-12T06:36:36.836Z,2025-07-12T06:36:36.836Z,4,GBB 7 to Smoke 2016 Champion
1682,Hiss,2017,410,false,2025-07-12T06:36:36.836Z,2025-07-12T06:36:36.836Z,4,Wildcard 1
1683,Thorsen,2017,208,false,2025-07-12T06:36:36.836Z,2025-07-12T06:36:36.836Z,4,Wildcard 2
1684,Jayton,2017,643,false,2025-07-12T06:36:36.836Z,2025-07-12T06:36:36.836Z,4,Wildcard 3
1685,Slizzer,2017,442,false,2025-07-12T06:36:36.836Z,2025-07-12T06:36:36.836Z,4,Wildcard 4
1686,Trung Bao,2017,704,false,2025-07-12T06:36:36.836Z,2025-07-12T06:36:36.836Z,4,Wildcard 5
1687,Two.H,2017,410,false,2025-07-12T06:36:36.836Z,2025-07-12T06:36:36.836Z,4,Wildcard 6
1688,BMG,2017,250,false,2025-07-12T06:36:36.836Z,2025-07-12T06:36:36.836Z,4,Wildcard 7
1689,B-Art,2017,528,false,2025-07-12T06:36:36.836Z,2025-07-12T06:36:36.836Z,4,Wildcard 8
1690,Zer0,2017,31,true,2025-07-12T06:36:36.836Z,2025-07-12T06:36:36.836Z,4,Wildcard 9
1691,Chris Celiz,2017,840,false,2025-07-12T06:36:36.836Z,2025-07-12T06:36:36.836Z,4,Wildcard 10
1692,HeartGrey,2017,344,false,2025-07-12T06:36:36.836Z,2025-07-12T06:36:36.836Z,4,China Beatbox Championship 2016 Champion
1693,Mad Twinz,2017,643,false,2025-07-12T06:36:36.836Z,2025-07-12T06:36:36.836Z,5,Invited
1694,Spider Horse,2017,840,false,2025-07-12T06:36:36.836Z,2025-07-12T06:36:36.836Z,5,Invited
1695,K-PoM,2017,840,false,2025-07-12T06:36:36.836Z,2025-07-12T06:36:36.836Z,5,Invited
1696,D.T.N.,2017,250,false,2025-07-12T06:36:36.836Z,2025-07-12T06:36:36.836Z,5,Invited
1697,Costik Storm,2017,250,false,2025-07-12T06:36:36.836Z,2025-07-12T06:36:36.836Z,5,Invited
1698,iLLDEM,2017,392,false,2025-07-12T06:36:36.836Z,2025-07-12T06:36:36.836Z,5,Invited
1699,Chakrabreaker,2017,40,false,2025-07-12T06:36:36.836Z,2025-07-12T06:36:36.836Z,5,Invited
1700,A&Z,2017,156,false,2025-07-12T06:36:36.836Z,2025-07-12T06:36:36.836Z,5,Invited
1701,MNSTWNSS,2017,410,false,2025-07-12T06:36:36.836Z,2025-07-12T06:36:36.836Z,5,Invited
1702,BURD,2017,826,true,2025-07-12T06:36:36.836Z,2025-07-12T06:36:36.836Z,5,Invited
1703,Tioneb,2018,250,false,2025-07-12T06:36:36.836Z,2025-07-12T06:36:36.836Z,1,GBB 2017 Vice Champion
1704,Jarno Ibarra,2018,528,false,2025-07-12T06:36:36.836Z,2025-07-12T06:36:36.836Z,1,GBB 2016 3rd place
1705,Inkie,2018,643,false,2025-07-12T06:36:36.836Z,2025-07-12T06:36:36.836Z,1,Wildcard 1
1706,OXBOX,2018,826,false,2025-07-12T06:36:36.836Z,2025-07-12T06:36:36.836Z,1,Wildcard 2
1707,Balance,2018,826,false,2025-07-12T06:36:36.836Z,2025-07-12T06:36:36.836Z,1,Wildcard 3
1708,Beatness,2018,250,false,2025-07-12T06:36:36.836Z,2025-07-12T06:36:36.836Z,1,Wildcard 4
1709,NME,2018,380,false,2025-07-12T06:36:36.836Z,2025-07-12T06:36:36.836Z,1,Wildcard 5
1710,Thai Son,2018,704,false,2025-07-12T06:36:36.836Z,2025-07-12T06:36:36.836Z,1,Wildcard 6
1711,Hiss,2018,410,false,2025-07-12T06:36:36.836Z,2025-07-12T06:36:36.836Z,4,GBB 2017 Vice Champion
1712,Trung Bao,2018,704,false,2025-07-12T06:36:36.836Z,2025-07-12T06:36:36.836Z,4,GBB 2017 4th place
1713,BATACO,2018,392,false,2025-07-12T06:36:36.836Z,2025-07-12T06:36:36.836Z,4,Asian Beatbox Championship 2017 Winner
1714,Ah Xin,2018,156,false,2025-07-12T06:36:36.836Z,2025-07-12T06:36:36.836Z,4,China Beatbox Championship 2017 Winner
1715,Villain,2018,840,false,2025-07-12T06:36:36.836Z,2025-07-12T06:36:36.836Z,4,Great North Battle 2017 Winner
1716,SHOW-GO,2018,392,false,2025-07-12T06:36:36.836Z,2025-07-12T06:36:36.836Z,4,Wildcard 1
1717,Codfish,2018,36,false,2025-07-12T06:36:36.836Z,2025-07-12T06:36:36.836Z,4,Wildcard 2
1718,Bigman,2018,410,false,2025-07-12T06:36:36.836Z,2025-07-12T06:36:36.836Z,4,Wildcard 3
1719,D-low,2018,826,false,2025-07-12T06:36:36.836Z,2025-07-12T06:36:36.836Z,4,Wildcard 4
1720,Two.H,2018,410,true,2025-07-12T06:36:36.836Z,2025-07-12T06:36:36.836Z,4,Wildcard 5
1721,H-Has,2018,410,false,2025-07-12T06:36:36.836Z,2025-07-12T06:36:36.836Z,4,Wildcard 6
1722,Rythmind,2018,250,false,2025-07-12T06:36:36.836Z,2025-07-12T06:36:36.836Z,4,Wildcard 7
1723,Chris Celiz,2018,840,false,2025-07-12T06:36:36.836Z,2025-07-12T06:36:36.836Z,4,Wildcard 8
1724,Helium,2018,643,false,2025-07-12T06:36:36.836Z,2025-07-12T06:36:36.836Z,4,Wildcard 9
1725,Piratheeban,2018,702,false,2025-07-12T06:36:36.836Z,2025-07-12T06:36:36.836Z,4,Wildcard 10
1726,Ish,2018,356,false,2025-07-12T06:36:36.836Z,2025-07-12T06:36:36.836Z,4,Wildcard 11
1727,X-Touch,2018,250,false,2025-07-12T06:36:36.836Z,2025-07-12T06:36:36.836Z,5,Wildcard 1
1728,A-Cloud,2018,826,false,2025-07-12T06:36:36.836Z,2025-07-12T06:36:36.836Z,5,Wildcard 2
1729,Adeft,2018,528,false,2025-07-12T06:36:36.836Z,2025-07-12T06:36:36.836Z,5,Wildcard 3
1730,Spider Horse,2018,840,false,2025-07-12T06:36:36.836Z,2025-07-12T06:36:36.836Z,5,Invited
1731,Kotcha,2018,826,false,2025-07-12T06:36:36.836Z,2025-07-12T06:36:36.836Z,5,Invited
1732,K-PoM,2018,840,false,2025-07-12T06:36:36.836Z,2025-07-12T06:36:36.836Z,5,Invited
1733,2REAL,2018,410,false,2025-07-12T06:36:36.836Z,2025-07-12T06:36:36.836Z,5,Invited
1734,Presidential Host,2018,124,false,2025-07-12T06:36:36.836Z,2025-07-12T06:36:36.836Z,5,Invited
1735,Bery,2018,250,false,2025-07-12T06:36:36.836Z,2025-07-12T06:36:36.836Z,5,Invited
1736,Beatness,2019,250,false,2025-07-12T06:36:36.836Z,2025-07-12T06:36:36.836Z,1,GBB 2018 Champion
1737,Balance,2019,826,false,2025-07-12T06:36:36.836Z,2025-07-12T06:36:36.836Z,1,GBB 2018 Vice Champion
1738,Rythmind,2019,250,false,2025-07-12T06:36:36.836Z,2025-07-12T06:36:36.836Z,1,Wildcard 1
1739,Inkie,2019,643,false,2025-07-12T06:36:36.836Z,2025-07-12T06:36:36.836Z,1,Wildcard 2
1740,BreZ,2019,250,false,2025-07-12T06:36:36.836Z,2025-07-12T06:36:36.836Z,1,Wildcard 3
1741,NME,2019,380,false,2025-07-12T06:36:36.836Z,2025-07-12T06:36:36.836Z,1,Wildcard 4
1742,Thai Son,2019,704,false,2025-07-12T06:36:36.836Z,2025-07-12T06:36:36.836Z,1,Wildcard 5
1743,SO-SO,2019,392,false,2025-07-12T06:36:36.836Z,2025-07-12T06:36:36.836Z,1,Wildcard 6
1744,Codfish,2019,36,false,2025-07-12T06:36:36.836Z,2025-07-12T06:36:36.836Z,4,GBB 2018 Champion
1745,D-low,2019,826,false,2025-07-12T06:36:36.836Z,2025-07-12T06:36:36.836Z,4,GBB 2018 Vice Champion
1746,BATACO,2019,392,false,2025-07-12T06:36:36.836Z,2025-07-12T06:36:36.836Z,4,GBB 2018 4th place
1747,Colaps,2019,250,false,2025-07-12T06:36:36.836Z,2025-07-12T06:36:36.836Z,4,GBB 7 to Smoke 2018 Champion
1748,Wing,2019,410,true,2025-07-12T06:36:36.836Z,2025-07-12T06:36:36.836Z,4,Asia Beatbox Championship 2018 Champion
1749,H-Has,2019,410,false,2025-07-12T06:36:36.836Z,2025-07-12T06:36:36.836Z,4,Wildcard 1
1750,SHOW-GO,2019,392,false,2025-07-12T06:36:36.836Z,2025-07-12T06:36:36.836Z,4,Wildcard 2
1751,Trung Bao,2019,704,false,2025-07-12T06:36:36.836Z,2025-07-12T06:36:36.836Z,4,Wildcard 3
1752,FootboxG,2019,56,false,2025-07-12T06:36:36.836Z,2025-07-12T06:36:36.836Z,4,Wildcard 4
1753,Elisii,2019,124,false,2025-07-12T06:36:36.836Z,2025-07-12T06:36:36.836Z,4,Wildcard 5
1754,Zekka,2019,724,false,2025-07-12T06:36:36.836Z,2025-07-12T06:36:36.836Z,4,Wildcard 6
1755,Cloud,2019,410,false,2025-07-12T06:36:36.836Z,2025-07-12T06:36:36.836Z,4,Wildcard 7
1756,B-Art,2019,528,false,2025-07-12T06:36:36.836Z,2025-07-12T06:36:36.836Z,4,Wildcard 8
1757,MB14,2019,250,false,2025-07-12T06:36:36.836Z,2025-07-12T06:36:36.836Z,4,Wildcard 8
1758,Audical,2019,840,false,2025-07-12T06:36:36.836Z,2025-07-12T06:36:36.836Z,4,Wildcard 10
1759,Tomazacre,2019,152,false,2025-07-12T06:36:36.836Z,2025-07-12T06:36:36.836Z,4,Wildcard 10
1760,River',2019,250,false,2025-07-12T06:36:36.836Z,2025-07-12T06:36:36.836Z,4,Wildcard 12
1761,Kotcha,2019,826,false,2025-07-12T06:36:36.836Z,2025-07-12T06:36:36.836Z,5,GBB 2018 Vice Champions
1762,Uniteam,2019,250,false,2025-07-12T06:36:36.836Z,2025-07-12T06:36:36.836Z,5,Wildcard 1
1763,WABE,2019,250,true,2025-07-12T06:36:36.836Z,2025-07-12T06:36:36.836Z,5,Wildcard 2
1764,Lightship,2019,840,false,2025-07-12T06:36:36.836Z,2025-07-12T06:36:36.836Z,5,Wildcard 3
1765,Zen'Hit,2019,250,false,2025-07-12T06:36:36.836Z,2025-07-12T06:36:36.836Z,5,Wildcard 4
1766,Abducted,2019,152,false,2025-07-12T06:36:36.836Z,2025-07-12T06:36:36.836Z,5,Wildcard 5
1767,16bitzee,2019,826,false,2025-07-12T06:36:36.836Z,2025-07-12T06:36:36.836Z,5,Wildcard 6
1768,Middle School,2019,56,false,2025-07-12T06:36:36.836Z,2025-07-12T06:36:36.836Z,5,Wildcard 7
1771,ELISIMO,2019,124,false,2025-07-12T06:36:36.836Z,2025-07-12T06:36:36.836Z,5,Wildcard 8
1772,A-Cloud,2019,826,false,2025-07-12T06:36:36.836Z,2025-07-12T06:36:36.836Z,5,Wildcard 10
1773,BreZ,2020,250,false,2025-07-12T06:36:36.836Z,2025-07-12T06:36:36.836Z,1,invited
1774,Frosty,2020,826,false,2025-07-12T06:36:36.836Z,2025-07-12T06:36:36.836Z,1,invited
1775,Kristóf,2020,348,false,2025-07-12T06:36:36.836Z,2025-07-12T06:36:36.836Z,1,invited
1776,RUSY,2020,392,false,2025-07-12T06:36:36.836Z,2025-07-12T06:36:36.836Z,1,invited
1777,BizKit,2020,840,false,2025-07-12T06:36:36.836Z,2025-07-12T06:36:36.836Z,1,invited
1778,FriiDon,2020,276,false,2025-07-12T06:36:36.836Z,2025-07-12T06:36:36.836Z,1,invited
1779,Gregrox,2020,276,false,2025-07-12T06:36:36.836Z,2025-07-12T06:36:36.836Z,1,invited
1780,DgyMie,2020,250,false,2025-07-12T06:36:36.836Z,2025-07-12T06:36:36.836Z,1,invited
1781,Garmon,2020,643,false,2025-07-12T06:36:36.836Z,2025-07-12T06:36:36.836Z,1,invited
1782,Dj-low,2020,826,false,2025-07-12T06:36:36.836Z,2025-07-12T06:36:36.836Z,1,invited
1783,SungBeats,2020,840,false,2025-07-12T06:36:36.836Z,2025-07-12T06:36:36.836Z,1,invited
1784,Voxel,2020,528,false,2025-07-12T06:36:36.836Z,2025-07-12T06:36:36.836Z,1,invited
1785,KBA,2020,208,false,2025-07-12T06:36:36.836Z,2025-07-12T06:36:36.836Z,1,invited
1786,Hoguma,2020,392,false,2025-07-12T06:36:36.836Z,2025-07-12T06:36:36.836Z,1,invited
1787,Jerry,2020,840,false,2025-07-12T06:36:36.836Z,2025-07-12T06:36:36.836Z,4,invited
1788,Zion,2020,250,false,2025-07-12T06:36:36.836Z,2025-07-12T06:36:36.836Z,4,invited
1789,xFlawz,2020,826,false,2025-07-12T06:36:36.836Z,2025-07-12T06:36:36.836Z,4,invited
1790,Omen,2020,410,false,2025-07-12T06:36:36.836Z,2025-07-12T06:36:36.836Z,4,invited
1791,Bozz,2020,208,false,2025-07-12T06:36:36.836Z,2025-07-12T06:36:36.836Z,4,invited
1792,Klown,2020,528,false,2025-07-12T06:36:36.836Z,2025-07-12T06:36:36.836Z,4,invited
1793,Sin,2020,376,false,2025-07-12T06:36:36.836Z,2025-07-12T06:36:36.836Z,4,invited
1794,BizKit,2020,840,false,2025-07-12T06:36:36.836Z,2025-07-12T06:36:36.836Z,4,invited
1795,ADN54,2020,152,false,2025-07-12T06:36:36.836Z,2025-07-12T06:36:36.836Z,4,invited
1796,Gale,2020,36,false,2025-07-12T06:36:36.836Z,2025-07-12T06:36:36.836Z,4,invited
1797,Inferno,2020,152,false,2025-07-12T06:36:36.836Z,2025-07-12T06:36:36.836Z,4,invited
1798,Stalkrixx,2020,620,false,2025-07-12T06:36:36.836Z,2025-07-12T06:36:36.836Z,4,invited
1799,ZaG1R,2020,643,false,2025-07-12T06:36:36.836Z,2025-07-12T06:36:36.836Z,4,invited
1800,B-TER,2020,764,false,2025-07-12T06:36:36.836Z,2025-07-12T06:36:36.836Z,4,invited
1801,Nandob,2020,76,false,2025-07-12T06:36:36.836Z,2025-07-12T06:36:36.836Z,4,invited
1802,Jewow,2020,620,false,2025-07-12T06:36:36.836Z,2025-07-12T06:36:36.836Z,4,invited
1803,Shay,2020,804,false,2025-07-12T06:36:36.836Z,2025-07-12T06:36:36.836Z,4,invited
1804,Turtle,2020,840,false,2025-07-12T06:36:36.836Z,2025-07-12T06:36:36.836Z,4,invited
1805,Match,2020,840,false,2025-07-12T06:36:36.836Z,2025-07-12T06:36:36.836Z,4,invited
1806,Water,2020,840,false,2025-07-12T06:36:36.836Z,2025-07-12T06:36:36.836Z,4,invited
1807,Fresh'Mic,2020,620,false,2025-07-12T06:36:36.836Z,2025-07-12T06:36:36.836Z,4,invited
1808,DeepFreeze,2020,504,false,2025-07-12T06:36:36.836Z,2025-07-12T06:36:36.836Z,4,invited
1809,Benja,2020,528,false,2025-07-12T06:36:36.836Z,2025-07-12T06:36:36.836Z,4,invited
1810,Milky,2020,826,false,2025-07-12T06:36:36.836Z,2025-07-12T06:36:36.836Z,4,invited
1811,Tarik,2020,36,false,2025-07-12T06:36:36.836Z,2025-07-12T06:36:36.836Z,4,invited
1812,Rawclaw,2020,208,false,2025-07-12T06:36:36.836Z,2025-07-12T06:36:36.836Z,4,invited
1813,Shah,2020,860,false,2025-07-12T06:36:36.836Z,2025-07-12T06:36:36.836Z,4,invited
1814,Cali,2020,608,false,2025-07-12T06:36:36.836Z,2025-07-12T06:36:36.836Z,4,invited
1815,STeaMie,2020,516,false,2025-07-12T06:36:36.836Z,2025-07-12T06:36:36.836Z,4,invited
1816,Double-M,2020,504,false,2025-07-12T06:36:36.836Z,2025-07-12T06:36:36.836Z,4,invited
1817,Frosty,2020,826,false,2025-07-12T06:36:36.836Z,2025-07-12T06:36:36.836Z,4,invited
1818,Osy,2020,250,false,2025-07-12T06:36:36.836Z,2025-07-12T06:36:36.836Z,4,invited
1819,Epos,2020,826,false,2025-07-12T06:36:36.836Z,2025-07-12T06:36:36.836Z,4,invited
1820,Villain,2020,840,false,2025-07-12T06:36:36.836Z,2025-07-12T06:36:36.836Z,4,invited
1821,PeaceRex,2020,356,false,2025-07-12T06:36:36.836Z,2025-07-12T06:36:36.836Z,4,invited
1822,Cold,2020,840,false,2025-07-12T06:36:36.836Z,2025-07-12T06:36:36.836Z,4,invited
1823,S,2020,208,false,2025-07-12T06:36:36.836Z,2025-07-12T06:36:36.836Z,4,invited
1824,JWat,2020,840,false,2025-07-12T06:36:36.836Z,2025-07-12T06:36:36.836Z,4,invited
1825,Blackened,2020,152,false,2025-07-12T06:36:36.836Z,2025-07-12T06:36:36.836Z,4,invited
1826,Max,2020,376,false,2025-07-12T06:36:36.836Z,2025-07-12T06:36:36.836Z,4,invited
1827,Brains,2020,620,false,2025-07-12T06:36:36.836Z,2025-07-12T06:36:36.836Z,4,invited
1828,DM'N'BASS,2020,250,false,2025-07-12T06:36:36.836Z,2025-07-12T06:36:36.836Z,4,invited
1829,Ex-BiTT,2020,152,false,2025-07-12T06:36:36.836Z,2025-07-12T06:36:36.836Z,4,invited
1830,MonT,2020,376,false,2025-07-12T06:36:36.836Z,2025-07-12T06:36:36.836Z,4,invited
1831,Mr. Ben,2020,300,false,2025-07-12T06:36:36.836Z,2025-07-12T06:36:36.836Z,4,invited
1832,S-Dope,2020,300,false,2025-07-12T06:36:36.836Z,2025-07-12T06:36:36.836Z,4,invited
1833,Beatdown,2020,620,false,2025-07-12T06:36:36.836Z,2025-07-12T06:36:36.836Z,4,invited
1834,Hippy,2020,376,false,2025-07-12T06:36:36.836Z,2025-07-12T06:36:36.836Z,4,invited
1835,TMY,2020,826,false,2025-07-12T06:36:36.836Z,2025-07-12T06:36:36.836Z,4,invited
1836,Inertia,2020,840,false,2025-07-12T06:36:36.836Z,2025-07-12T06:36:36.836Z,4,invited
1837,Azel,2020,380,false,2025-07-12T06:36:36.836Z,2025-07-12T06:36:36.836Z,4,invited
1838,Mike,2020,484,false,2025-07-12T06:36:36.836Z,2025-07-12T06:36:36.836Z,4,invited
1839,Xiphire,2020,152,false,2025-07-12T06:36:36.836Z,2025-07-12T06:36:36.836Z,4,invited
1840,DeMellow,2020,376,false,2025-07-12T06:36:36.836Z,2025-07-12T06:36:36.836Z,4,invited
1841,DimSub,2020,376,false,2025-07-12T06:36:36.836Z,2025-07-12T06:36:36.836Z,4,invited
1842,Knowtrap,2020,620,false,2025-07-12T06:36:36.836Z,2025-07-12T06:36:36.836Z,4,invited
1843,VampQ,2020,300,false,2025-07-12T06:36:36.836Z,2025-07-12T06:36:36.836Z,4,invited
1844,Rex,2020,36,false,2025-07-12T06:36:36.836Z,2025-07-12T06:36:36.836Z,4,invited
1845,Jack,2020,410,false,2025-07-12T06:36:36.836Z,2025-07-12T06:36:36.836Z,4,invited
1846,SYNOPSYS,2020,250,false,2025-07-12T06:36:36.836Z,2025-07-12T06:36:36.836Z,4,invited
1847,Solé,2020,208,false,2025-07-12T06:36:36.836Z,2025-07-12T06:36:36.836Z,4,invited
1848,Y2K,2020,36,false,2025-07-12T06:36:36.836Z,2025-07-12T06:36:36.836Z,4,invited
1769,SHADOW SUMO,2019,9999,false,2025-07-12T06:36:36.836Z,2025-07-12T06:36:36.836Z,5,Wildcard 8
1849,ZiadSwidan,2020,818,false,2025-07-12T06:36:36.836Z,2025-07-12T06:36:36.836Z,4,invited
1850,Scream,2020,643,false,2025-07-12T06:36:36.836Z,2025-07-12T06:36:36.836Z,4,invited
1851,Indicator,2020,528,false,2025-07-12T06:36:36.836Z,2025-07-12T06:36:36.836Z,4,invited
1852,Minko,2020,504,false,2025-07-12T06:36:36.836Z,2025-07-12T06:36:36.836Z,4,invited
1853,Waali,2020,152,false,2025-07-12T06:36:36.836Z,2025-07-12T06:36:36.836Z,4,invited
1854,Vocodah,2020,840,false,2025-07-12T06:36:36.836Z,2025-07-12T06:36:36.836Z,4,invited
1855,Piratheeban,2020,702,false,2025-07-12T06:36:36.836Z,2025-07-12T06:36:36.836Z,4,invited
1856,Mr. Androide,2020,152,false,2025-07-12T06:36:36.836Z,2025-07-12T06:36:36.836Z,4,invited
1857,H-has,2020,410,false,2025-07-12T06:36:36.836Z,2025-07-12T06:36:36.836Z,4,invited
1858,Mighty,2020,410,false,2025-07-12T06:36:36.836Z,2025-07-12T06:36:36.836Z,4,invited
1859,Cloud,2020,410,false,2025-07-12T06:36:36.836Z,2025-07-12T06:36:36.836Z,4,invited
1860,Pacmax,2020,250,false,2025-07-12T06:36:36.836Z,2025-07-12T06:36:36.836Z,4,invited
1861,Pingpong Po,2020,840,false,2025-07-12T06:36:36.836Z,2025-07-12T06:36:36.836Z,4,invited
1862,Zer0,2020,31,false,2025-07-12T06:36:36.836Z,2025-07-12T06:36:36.836Z,4,invited
1863,AnTILT,2020,586,false,2025-07-12T06:36:36.836Z,2025-07-12T06:36:36.836Z,4,invited
1864,Hiss,2020,410,false,2025-07-12T06:36:36.836Z,2025-07-12T06:36:36.836Z,4,invited
1865,Remix,2020,710,false,2025-07-12T06:36:36.836Z,2025-07-12T06:36:36.836Z,4,invited
1866,Napom,2020,840,false,2025-07-12T06:36:36.836Z,2025-07-12T06:36:36.836Z,4,invited
1867,Balistix,2020,840,false,2025-07-12T06:36:36.836Z,2025-07-12T06:36:36.836Z,4,invited
1868,River',2020,250,false,2025-07-12T06:36:36.836Z,2025-07-12T06:36:36.836Z,4,invited
1869,Dudz,2020,76,false,2025-07-12T06:36:36.836Z,2025-07-12T06:36:36.836Z,4,invited
1870,RYTHMIND,2021,250,false,2025-07-12T06:36:36.836Z,2025-07-12T06:36:36.836Z,1,GBB 2019 Champion
1871,NME,2021,380,true,2025-07-12T06:36:36.836Z,2025-07-12T06:36:36.836Z,1,GBB 2019 Vice Champion
1872,ROBIN,2021,250,false,2025-07-12T06:36:36.836Z,2025-07-12T06:36:36.836Z,1,Wildcard 1 (2020)
1873,BREZ,2021,250,false,2025-07-12T06:36:36.836Z,2025-07-12T06:36:36.836Z,1,Wildcard 2 (2020)
1874,SXIN,2021,276,false,2025-07-12T06:36:36.836Z,2025-07-12T06:36:36.836Z,1,Wildcard 3 (2020)
1875,DGYMIE,2021,250,false,2025-07-12T06:36:36.836Z,2025-07-12T06:36:36.836Z,1,Wildcard 4 (2020)
1876,SO-SO,2021,392,false,2025-07-12T06:36:36.836Z,2025-07-12T06:36:36.836Z,1,Wildcard 5 (2020)
1877,BALANCE,2021,826,false,2025-07-12T06:36:36.836Z,2025-07-12T06:36:36.836Z,1,Wildcard 6 (2020)
1878,SLIZZER,2021,442,false,2025-07-12T06:36:36.836Z,2025-07-12T06:36:36.836Z,1,Wildcard 7 (2020)
1879,GASPER GROM,2021,705,false,2025-07-12T06:36:36.836Z,2025-07-12T06:36:36.836Z,1,Wildcard 8 (2020)
1880,SUNGBEATS,2021,840,false,2025-07-12T06:36:36.836Z,2025-07-12T06:36:36.836Z,1,Wildcard 9 (2020)
1881,CHRIS THEODIAN,2021,250,false,2025-07-12T06:36:36.836Z,2025-07-12T06:36:36.836Z,1,Wildcard 10 (2020)
1882,FROSTY,2021,826,false,2025-07-12T06:36:36.836Z,2025-07-12T06:36:36.836Z,1,GBB Online 2020 Champion
1883,DICE,2021,410,false,2025-07-12T06:36:36.836Z,2025-07-12T06:36:36.836Z,1,Wildcard 1 (2021)
1884,ZHANG ZE,2021,156,true,2025-07-12T06:36:36.836Z,2025-07-12T06:36:36.836Z,1,Wildcard 2 (2021)
1885,M-AGE,2021,203,false,2025-07-12T06:36:36.836Z,2025-07-12T06:36:36.836Z,1,Wildcard 3 (2021)
1886,MATEJ,2021,40,false,2025-07-12T06:36:36.836Z,2025-07-12T06:36:36.836Z,1,Wildcard 4 (2021)
1887,BIZKIT,2021,840,false,2025-07-12T06:36:36.836Z,2025-07-12T06:36:36.836Z,1,Wildcard 5 (2021)
1888,KBA,2021,208,false,2025-07-12T06:36:36.836Z,2025-07-12T06:36:36.836Z,1,Wildcard 6 (2021)
1889,BERY,2021,250,false,2025-07-12T06:36:36.836Z,2025-07-12T06:36:36.836Z,3,Wildcard 1 (2020)
1890,SORRY,2021,392,false,2025-07-12T06:36:36.836Z,2025-07-12T06:36:36.836Z,3,Wildcard 2 (2020)
1891,FREEDOM OF SIN,2021,276,true,2025-07-12T06:36:36.836Z,2025-07-12T06:36:36.836Z,3,Wildcard 3 (2020)
1892,SCAM TALK,2021,250,false,2025-07-12T06:36:36.836Z,2025-07-12T06:36:36.836Z,3,Wildcard 4 (2020)
1893,TOMAZACRE,2021,152,false,2025-07-12T06:36:36.836Z,2025-07-12T06:36:36.836Z,4,GBB 2019 Vice Champion
1894,B-ART,2021,528,false,2025-07-12T06:36:36.836Z,2025-07-12T06:36:36.836Z,4,GBB 2019 3rd place
1895,ZEKKA,2021,724,false,2025-07-12T06:36:36.836Z,2025-07-12T06:36:36.836Z,4,GBB 2019 7 to Smoke Champion
1896,TRUNG BAO,2021,704,false,2025-07-12T06:36:36.836Z,2025-07-12T06:36:36.836Z,4,Wildcard 1 (2020)
1897,WAWAD,2021,250,true,2025-07-12T06:36:36.836Z,2025-07-12T06:36:36.836Z,4,Wildcard 2 (2020)
1898,COLAPS,2021,250,false,2025-07-12T06:36:36.836Z,2025-07-12T06:36:36.836Z,4,Wildcard 3 (2020)
1899,VOCODAH,2021,840,false,2025-07-12T06:36:36.836Z,2025-07-12T06:36:36.836Z,4,Wildcard 4 (2020)
1900,MR. ANDROIDE,2021,152,false,2025-07-12T06:36:36.836Z,2025-07-12T06:36:36.836Z,4,Wildcard 5 (2020)
1901,MB14,2021,250,true,2025-07-12T06:36:36.836Z,2025-07-12T06:36:36.836Z,4,Wildcard 6 (2020)
1902,HELIUM,2021,643,false,2025-07-12T06:36:36.836Z,2025-07-12T06:36:36.836Z,4,Wildcard 7 (2020)
1903,ELISII,2021,124,false,2025-07-12T06:36:36.836Z,2025-07-12T06:36:36.836Z,4,Wildcard 8 (2020)
1904,TWO.H,2021,410,false,2025-07-12T06:36:36.836Z,2025-07-12T06:36:36.836Z,4,Wildcard 9 (2020)
1905,NAPOM,2021,840,false,2025-07-12T06:36:36.836Z,2025-07-12T06:36:36.836Z,4,Wildcard 10 (2020)
1906,D-KOY,2021,840,false,2025-07-12T06:36:36.836Z,2025-07-12T06:36:36.836Z,4,Wildcard 11 (2020)
1907,KOHEY,2021,392,false,2025-07-12T06:36:36.836Z,2025-07-12T06:36:36.836Z,4,Wildcard 12 (2020)
1989,Middle school,2023,56,true,2025-07-12T06:36:36.836Z,2025-07-12T06:36:36.836Z,5,GBB21 top3
1908,KING INERTIA,2021,840,false,2025-07-12T06:36:36.836Z,2025-07-12T06:36:36.836Z,4,Great North Battle 2019 Champion
1909,HISS,2021,410,false,2025-07-12T06:36:36.836Z,2025-07-12T06:36:36.836Z,4,Asia Beatbox Championship 2019 Champion
1910,ZER0,2021,31,false,2025-07-12T06:36:36.836Z,2025-07-12T06:36:36.836Z,4,GBB Online 2020 Champion
1911,RIVER',2021,250,false,2025-07-12T06:36:36.836Z,2025-07-12T06:36:36.836Z,4,Wildcard 1 (2021)
1912,ALEXINHO,2021,250,false,2025-07-12T06:36:36.836Z,2025-07-12T06:36:36.836Z,4,Wildcard 2 (2021)
1913,GENE SHINOZAKI,2021,840,false,2025-07-12T06:36:36.836Z,2025-07-12T06:36:36.836Z,4,Wildcard 3 (2021)
1914,STITCH,2021,458,false,2025-07-12T06:36:36.836Z,2025-07-12T06:36:36.836Z,4,Wildcard 4 (2021)
1915,MAX,2021,376,false,2025-07-12T06:36:36.836Z,2025-07-12T06:36:36.836Z,4,Wildcard 5 (2021)
1916,SHOW-GO,2021,392,true,2025-07-12T06:36:36.836Z,2025-07-12T06:36:36.836Z,4,Wildcard 6 (2021)
1917,ALEM,2021,250,false,2025-07-12T06:36:36.836Z,2025-07-12T06:36:36.836Z,4,Wildcard 7 (2021)
1918,IMPROVER,2021,643,false,2025-07-12T06:36:36.836Z,2025-07-12T06:36:36.836Z,4,Wildcard 8 (2021)
1919,FOOTBOXG,2021,56,false,2025-07-12T06:36:36.836Z,2025-07-12T06:36:36.836Z,4,Wildcard 9 (2021)
1920,DEN,2021,124,false,2025-07-12T06:36:36.836Z,2025-07-12T06:36:36.836Z,4,Wildcard 10 (2021)
1921,HEARTZEL,2021,458,false,2025-07-12T06:36:36.836Z,2025-07-12T06:36:36.836Z,4,Wildcard 11 (2021)
1922,MIDDLE SCHOOL,2021,56,false,2025-07-12T06:36:36.836Z,2025-07-12T06:36:36.836Z,5,GBB 2019 Vice Champions
1923,WOLFGANG,2021,250,true,2025-07-12T06:36:36.836Z,2025-07-12T06:36:36.836Z,5,Wildcard 1 (2020)
1926,ZEN'HIT,2021,250,false,2025-07-12T06:36:36.836Z,2025-07-12T06:36:36.836Z,5,Wildcard 3 (2020)
1927,Rhythmination,2021,392,true,2025-07-12T06:36:36.836Z,2025-07-12T06:36:36.836Z,5,Wildcard 4 (2020)
1928,ABDUCTED,2021,152,true,2025-07-12T06:36:36.836Z,2025-07-12T06:36:36.836Z,5,Wildcard 5 (2020)
1929,A-CLOUD,2021,826,true,2025-07-12T06:36:36.836Z,2025-07-12T06:36:36.836Z,5,Wildcard 6 (2020)
1930,ROGUE WAVE,2021,250,false,2025-07-12T06:36:36.836Z,2025-07-12T06:36:36.836Z,5,Wildcard 7 (2020)
1931,Lightship,2021,840,true,2025-07-12T06:36:36.836Z,2025-07-12T06:36:36.836Z,5,Wildcard 8 (2020)
1932,ROFU,2021,392,false,2025-07-12T06:36:36.836Z,2025-07-12T06:36:36.836Z,5,Wildcard 9 (2020)
1933,HUSKEY,2021,392,false,2025-07-12T06:36:36.836Z,2025-07-12T06:36:36.836Z,5,Wildcard 1 (2021)
1924,SHADOW SUMO,2021,9999,false,2025-07-12T06:36:36.836Z,2025-07-12T06:36:36.836Z,5,Wildcard 2 (2020)
1934,JACKPOT,2021,410,false,2025-07-12T06:36:36.836Z,2025-07-12T06:36:36.836Z,5,Wildcard 2 (2021)
1935,ONII-CHAN,2021,276,false,2025-07-12T06:36:36.836Z,2025-07-12T06:36:36.836Z,5,Wildcard 3 (2021)
1936,WILDCARD GUYS,2021,392,false,2025-07-12T06:36:36.836Z,2025-07-12T06:36:36.836Z,5,Wildcard 4 (2021)
1937,DREAMERZ,2021,840,false,2025-07-12T06:36:36.836Z,2025-07-12T06:36:36.836Z,5,Wildcard 5 (2021)
1938,BLUE MOUNTAIN BEATBOX,2021,124,false,2025-07-12T06:36:36.836Z,2025-07-12T06:36:36.836Z,5,Wildcard 6 (2021)
1939,S.Q.U.I.D,2021,250,false,2025-07-12T06:36:36.836Z,2025-07-12T06:36:36.836Z,6,Wildcard 1 (2020)
1940,M.O.M,2021,40,false,2025-07-12T06:36:36.836Z,2025-07-12T06:36:36.836Z,6,Wildcard 2 (2020)
1941,THE RAZZZONES,2021,276,false,2025-07-12T06:36:36.836Z,2025-07-12T06:36:36.836Z,6,Wildcard 3 (2020)
1942,SARUKANI,2021,392,false,2025-07-12T06:36:36.836Z,2025-07-12T06:36:36.836Z,6,Wildcard 1 (2021)
1943,Frosty,2023,826,false,2025-07-12T06:36:36.836Z,2025-07-12T06:36:36.836Z,2,GBB21 top2
1944,SyJo,2023,276,false,2025-07-12T06:36:36.836Z,2025-07-12T06:36:36.836Z,2,Wildcard 1
1945,Kaos,2023,276,false,2025-07-12T06:36:36.836Z,2025-07-12T06:36:36.836Z,2,Wildcard 2
1946,KBA,2023,208,false,2025-07-12T06:36:36.836Z,2025-07-12T06:36:36.836Z,2,Wildcard 3
1947,Oxygenic,2023,410,true,2025-07-12T06:36:36.836Z,2025-07-12T06:36:36.836Z,2,Wildcard 4
1948,Antrix,2023,276,false,2025-07-12T06:36:36.836Z,2025-07-12T06:36:36.836Z,2,Wildcard 5
1949,FRIIDON,2023,276,false,2025-07-12T06:36:36.836Z,2025-07-12T06:36:36.836Z,2,Wildcard 6
1950,BizKit,2023,840,false,2025-07-12T06:36:36.836Z,2025-07-12T06:36:36.836Z,1,GBB21 top2
1951,BreZ,2023,250,false,2025-07-12T06:36:36.836Z,2025-07-12T06:36:36.836Z,1,Wildcard 1
1952,Josh O,2023,840,false,2025-07-12T06:36:36.836Z,2025-07-12T06:36:36.836Z,1,Wildcard 2
1953,Dice,2023,410,false,2025-07-12T06:36:36.836Z,2025-07-12T06:36:36.836Z,1,Wildcard 3
1954,Robin,2023,250,false,2025-07-12T06:36:36.836Z,2025-07-12T06:36:36.836Z,1,Wildcard 4
1955,Epos,2023,826,true,2025-07-12T06:36:36.836Z,2025-07-12T06:36:36.836Z,1,Wildcard 5
1956,AVH,2023,528,false,2025-07-12T06:36:36.836Z,2025-07-12T06:36:36.836Z,1,Wildcard 6
1957,Mirsa,2023,250,false,2025-07-12T06:36:36.836Z,2025-07-12T06:36:36.836Z,1,Wildcard 7
1958,Matej,2023,40,false,2025-07-12T06:36:36.836Z,2025-07-12T06:36:36.836Z,1,Wildcard 8
1959,River',2023,250,false,2025-07-12T06:36:36.836Z,2025-07-12T06:36:36.836Z,4,GBB21 top3
1960,FootboxG,2023,56,true,2025-07-12T06:36:36.836Z,2025-07-12T06:36:36.836Z,4,GBB21 top3
1961,King Inertia,2023,840,false,2025-07-12T06:36:36.836Z,2025-07-12T06:36:36.836Z,4,GBB21 7toSmoke
1962,momimaru,2023,392,false,2025-07-12T06:36:36.836Z,2025-07-12T06:36:36.836Z,4,BEATCITY JAPAN
1963,Waali,2023,152,false,2025-07-12T06:36:36.836Z,2025-07-12T06:36:36.836Z,4,Maestro Beatbox America 2022
1964,pono,2023,840,false,2025-07-12T06:36:36.836Z,2025-07-12T06:36:36.836Z,4,Oceania Beatbox World Competition 2023
1965,maxo,2023,100,false,2025-07-12T06:36:36.836Z,2025-07-12T06:36:36.836Z,4,European Beatbox Championship 2023
1966,Wing,2023,410,false,2025-07-12T06:36:36.836Z,2025-07-12T06:36:36.836Z,4,Wildcard 1
1968,NaPoM,2023,840,false,2025-07-12T06:36:36.836Z,2025-07-12T06:36:36.836Z,4,Wildcard 3
1969,helium,2023,643,false,2025-07-12T06:36:36.836Z,2025-07-12T06:36:36.836Z,4,Wildcard 4
1970,Mr. Androide,2023,152,false,2025-07-12T06:36:36.836Z,2025-07-12T06:36:36.836Z,4,Wildcard 5
1971,Den,2023,124,false,2025-07-12T06:36:36.836Z,2025-07-12T06:36:36.836Z,4,Wildcard 6
1972,JP,2023,458,false,2025-07-12T06:36:36.836Z,2025-07-12T06:36:36.836Z,4,Wildcard 7
1973,dilip,2023,356,false,2025-07-12T06:36:36.836Z,2025-07-12T06:36:36.836Z,4,Wildcard 8
1974,ZVD,2023,840,false,2025-07-12T06:36:36.836Z,2025-07-12T06:36:36.836Z,4,Wildcard 9
1975,Improver,2023,643,false,2025-07-12T06:36:36.836Z,2025-07-12T06:36:36.836Z,4,Wildcard 10
1976,Max,2023,376,true,2025-07-12T06:36:36.836Z,2025-07-12T06:36:36.836Z,4,Wildcard 11
1977,H-has,2023,410,false,2025-07-12T06:36:36.836Z,2025-07-12T06:36:36.836Z,4,Wildcard 12
1978,BizKit,2023,840,false,2025-07-12T06:36:36.836Z,2025-07-12T06:36:36.836Z,4,Wildcard 13
1979,Colaps,2023,250,true,2025-07-12T06:36:36.836Z,2025-07-12T06:36:36.836Z,4,GBB21 top3
1980,Rogue Wave,2023,250,false,2025-07-12T06:36:36.836Z,2025-07-12T06:36:36.836Z,5,GBB21 top3
1981,Rofu,2023,392,false,2025-07-12T06:36:36.836Z,2025-07-12T06:36:36.836Z,5,GBB21 top3
1982,Jairo,2023,392,false,2025-07-12T06:36:36.836Z,2025-07-12T06:36:36.836Z,5,Wildcard 1
1983,ZieGer,2023,392,false,2025-07-12T06:36:36.836Z,2025-07-12T06:36:36.836Z,5,Wildcard 2
1984,Huskey,2023,392,false,2025-07-12T06:36:36.836Z,2025-07-12T06:36:36.836Z,5,Wildcard 3
1985,Hippy & Max,2023,376,true,2025-07-12T06:36:36.836Z,2025-07-12T06:36:36.836Z,5,Wildcard 4
1986,Jackpot,2023,410,false,2025-07-12T06:36:36.836Z,2025-07-12T06:36:36.836Z,5,Wildcard 5
1987,Pahlawan,2023,458,false,2025-07-12T06:36:36.836Z,2025-07-12T06:36:36.836Z,5,Wildcard 6
1988,Lotus,2023,840,false,2025-07-12T06:36:36.836Z,2025-07-12T06:36:36.836Z,5,Wildcard 7
1990,M.O.M,2023,40,false,2025-07-12T06:36:36.836Z,2025-07-12T06:36:36.836Z,6,GBB21
1991,SARUKANI,2023,392,false,2025-07-12T06:36:36.836Z,2025-07-12T06:36:36.836Z,6,Wildcard 1
1992,YA NA HA,2023,643,false,2025-07-12T06:36:36.836Z,2025-07-12T06:36:36.836Z,6,Wildcard 2
1994,End Of the Game,2023,250,false,2025-07-12T06:36:36.836Z,2025-07-12T06:36:36.836Z,6,Wildcard 4
1995,The Razzzones,2023,276,false,2025-07-12T06:36:36.836Z,2025-07-12T06:36:36.836Z,6,Wildcard 5
1996,Desible,2023,356,false,2025-07-12T06:36:36.836Z,2025-07-12T06:36:36.836Z,6,Wildcard 6
1997,Miklz,2023,804,true,2025-07-12T06:36:36.836Z,2025-07-12T06:36:36.836Z,7,Wildcard 1
1998,Julard,2023,250,false,2025-07-12T06:36:36.836Z,2025-07-12T06:36:36.836Z,7,Wildcard 2
2001,Lennsi,2023,276,false,2025-07-12T06:36:36.836Z,2025-07-12T06:36:36.836Z,7,Wildcard 5
2002,Leevy,2023,458,true,2025-07-12T06:36:36.836Z,2025-07-12T06:36:36.836Z,7,Wildcard 6
2003,BP,2023,276,false,2025-07-12T06:36:36.836Z,2025-07-12T06:36:36.836Z,7,Wildcard 7
2004,Wand,2023,410,false,2025-07-12T06:36:36.836Z,2025-07-12T06:36:36.836Z,7,Wildcard 8
2005,Marvelous,2023,360,false,2025-07-12T06:36:36.836Z,2025-07-12T06:36:36.836Z,7,Wildcard 11
2006,Clarkceds,2023,702,false,2025-07-12T06:36:36.836Z,2025-07-12T06:36:36.836Z,7,Wildcard 12
2007,MATEJ,2024,40,false,2025-07-12T06:36:36.836Z,2025-07-12T06:36:36.836Z,1,GBB23 top3
2008,DUNCAN,2024,344,false,2025-07-12T06:36:36.836Z,2025-07-12T06:36:36.836Z,1,BEATLAND BEATBOX BATTLE
2009,BREZ,2024,250,true,2025-07-12T06:36:36.836Z,2025-07-12T06:36:36.836Z,1,Wildcard 1
2010,JOSH O,2024,840,false,2025-07-12T06:36:36.836Z,2025-07-12T06:36:36.836Z,1,Wildcard 2
2011,CARDONA,2024,724,false,2025-07-12T06:36:36.836Z,2025-07-12T06:36:36.836Z,1,Wildcard 3
2012,SYJO,2024,276,false,2025-07-12T06:36:36.836Z,2025-07-12T06:36:36.836Z,1,Wildcard 4
2013,YASWEDE,2024,56,false,2025-07-12T06:36:36.836Z,2025-07-12T06:36:36.836Z,1,Wildcard 5
2014,RAJE,2024,356,false,2025-07-12T06:36:36.836Z,2025-07-12T06:36:36.836Z,1,Wildcard 6
2015,808BANON,2024,840,false,2025-07-12T06:36:36.836Z,2025-07-12T06:36:36.836Z,1,Wildcard 7
2016,ROBIN,2024,250,true,2025-07-12T06:36:36.836Z,2025-07-12T06:36:36.836Z,1,GBB23 top3
2017,BIZKIT,2024,840,true,2025-07-12T06:36:36.836Z,2025-07-12T06:36:36.836Z,1,GBB23 top3
2018,SYJO,2024,276,false,2025-07-12T06:36:36.836Z,2025-07-12T06:36:36.836Z,2,GBB23 1st
2019,ANTRIX,2024,276,false,2025-07-12T06:36:36.836Z,2025-07-12T06:36:36.836Z,2,Wildcard 1
2020,KBA,2024,208,false,2025-07-12T06:36:36.836Z,2025-07-12T06:36:36.836Z,2,Wildcard 2
2021,KAOS,2024,276,false,2025-07-12T06:36:36.836Z,2025-07-12T06:36:36.836Z,2,Wildcard 3
2022,WING,2024,410,false,2025-07-12T06:36:36.836Z,2025-07-12T06:36:36.836Z,4,GBB23 top3
2023,ALEXINHO,2024,250,false,2025-07-12T06:36:36.836Z,2025-07-12T06:36:36.836Z,4,GBB23 7toSmoke
2024,JULARD,2024,250,false,2025-07-12T06:36:36.836Z,2025-07-12T06:36:36.836Z,4,GBB23 U18 1st
2025,KAJI,2024,392,false,2025-07-12T06:36:36.836Z,2025-07-12T06:36:36.836Z,4,BEATLAND BEATBOX BATTLE
2026,MAXO,2024,100,false,2025-07-12T06:36:36.836Z,2025-07-12T06:36:36.836Z,4,FLORIDA BEATBOX FESTIVAL 2024
2027,OSIS,2024,372,false,2025-07-12T06:36:36.836Z,2025-07-12T06:36:36.836Z,4,Wildcard 1
2028,ABO ICE,2024,682,false,2025-07-12T06:36:36.836Z,2025-07-12T06:36:36.836Z,4,Wildcard 2
2029,STEADY,2024,410,false,2025-07-12T06:36:36.836Z,2025-07-12T06:36:36.836Z,4,Wildcard 3
2030,DEN,2024,124,false,2025-07-12T06:36:36.836Z,2025-07-12T06:36:36.836Z,4,Wildcard 4
2031,PACMAX,2024,250,false,2025-07-12T06:36:36.836Z,2025-07-12T06:36:36.836Z,4,Wildcard 5
2032,HELIUM,2024,643,false,2025-07-12T06:36:36.836Z,2025-07-12T06:36:36.836Z,4,Wildcard 6
2033,IMPROVER,2024,643,true,2025-07-12T06:36:36.836Z,2025-07-12T06:36:36.836Z,4,Wildcard 7
2034,STITCH,2024,458,false,2025-07-12T06:36:36.836Z,2025-07-12T06:36:36.836Z,4,Wildcard 8
2035,BLACKROLL,2024,380,false,2025-07-12T06:36:36.836Z,2025-07-12T06:36:36.836Z,4,GREAT NORTH BATTLE 2024
2036,RIVER',2024,250,true,2025-07-12T06:36:36.836Z,2025-07-12T06:36:36.836Z,4,GBB23 top3
2037,NAPOM,2024,840,true,2025-07-12T06:36:36.836Z,2025-07-12T06:36:36.836Z,4,GBB23 top3
2038,REMIX,2024,710,false,2025-07-12T06:36:36.836Z,2025-07-12T06:36:36.836Z,4,MENA REGION QUALIFIER
2039,BLY CREPSLEY,2024,392,false,2025-07-12T06:36:36.836Z,2025-07-12T06:36:36.836Z,4,BEATCITY JAPAN
2040,MOMIMARU,2024,392,false,2025-07-12T06:36:36.836Z,2025-07-12T06:36:36.836Z,4,Wildcard 10
2041,JAIRO,2024,392,false,2025-07-12T06:36:36.836Z,2025-07-12T06:36:36.836Z,5,GBB23 top3
2042,UMA,2024,392,false,2025-07-12T06:36:36.836Z,2025-07-12T06:36:36.836Z,5,Wildcard 1
2043,FRESH TONIC,2024,250,false,2025-07-12T06:36:36.836Z,2025-07-12T06:36:36.836Z,5,Wildcard 2
2044,FAKE AND AUTOTUNE,2024,643,true,2025-07-12T06:36:36.836Z,2025-07-12T06:36:36.836Z,5,Wildcard 3
2045,MICO,2024,392,false,2025-07-12T06:36:36.836Z,2025-07-12T06:36:36.836Z,5,Wildcard 4
2046,FUTURE MONSTER,2024,364,false,2025-07-12T06:36:36.836Z,2025-07-12T06:36:36.836Z,5,Wildcard 5
2047,ZIEGER,2024,392,false,2025-07-12T06:36:36.836Z,2025-07-12T06:36:36.836Z,5,Wildcard 6
2048,ROGUE WAVE,2024,250,true,2025-07-12T06:36:36.836Z,2025-07-12T06:36:36.836Z,5,GBB23 top3
2049,ROFU,2024,392,true,2025-07-12T06:36:36.836Z,2025-07-12T06:36:36.836Z,5,GBB23 top3
2050,SARSHIANS,2024,344,false,2025-07-12T06:36:36.836Z,2025-07-12T06:36:36.836Z,5,Wildcard 9
2051,KOWLER RANGERS,2024,250,false,2025-07-12T06:36:36.836Z,2025-07-12T06:36:36.836Z,6,Wildcard 1
2052,MEONE,2024,348,false,2025-07-12T06:36:36.836Z,2025-07-12T06:36:36.836Z,6,Wildcard 2
2053,SOUND OF SONY Ω,2024,392,false,2025-07-12T06:36:36.836Z,2025-07-12T06:36:36.836Z,6,Wildcard 3
2054,THE YOUNG DRUG,2024,356,false,2025-07-12T06:36:36.836Z,2025-07-12T06:36:36.836Z,6,Wildcard 4
2055,SARUKANI,2024,392,true,2025-07-12T06:36:36.836Z,2025-07-12T06:36:36.836Z,6,GBB23 1st
2056,YASWEDE,2025,56,false,2025-07-12T06:36:36.836Z,2025-07-12T06:36:36.836Z,1,GBB24 top3
2057,RAJE,2025,356,true,2025-07-12T06:36:36.836Z,2025-07-12T06:36:36.836Z,1,GBB24 top3
2058,MATEJ,2025,40,true,2025-07-12T06:36:36.836Z,2025-07-12T06:36:36.836Z,1,GBB24 top3
2059,NILS,2025,724,false,2025-07-12T06:36:36.836Z,2025-07-12T06:36:36.836Z,1,Wildcard 1
2060,DICE,2025,410,false,2025-07-12T06:36:36.836Z,2025-07-12T06:36:36.836Z,1,Wildcard 2
2061,JOSH O,2025,840,true,2025-07-12T06:36:36.836Z,2025-07-12T06:36:36.836Z,1,Wildcard 3
2062,SYJO,2025,276,false,2025-07-12T06:36:36.836Z,2025-07-12T06:36:36.836Z,1,Wildcard 4
2063,MARTIN BENATI,2025,250,false,2025-07-12T06:36:36.836Z,2025-07-12T06:36:36.836Z,1,Wildcard 5
2064,JUNNO,2025,392,false,2025-07-12T06:36:36.836Z,2025-07-12T06:36:36.836Z,1,Wildcard 6
2065,MIRSA,2025,250,false,2025-07-12T06:36:36.836Z,2025-07-12T06:36:36.836Z,1,Wildcard 7
2066,KBA,2025,208,true,2025-07-12T06:36:36.836Z,2025-07-12T06:36:36.836Z,2,GBB24 1st
2067,WATT,2025,203,false,2025-07-12T06:36:36.836Z,2025-07-12T06:36:36.836Z,2,Wildcard 1
2068,LFO,2025,156,false,2025-07-12T06:36:36.836Z,2025-07-12T06:36:36.836Z,2,Wildcard 2
2069,NAPOM,2025,840,false,2025-07-12T06:36:36.836Z,2025-07-12T06:36:36.836Z,4,GBB24 7toSmoke
2070,BLACKROLL,2025,380,false,2025-07-12T06:36:36.836Z,2025-07-12T06:36:36.836Z,4,FLORIDA BEATBOX BATTLE 2025
2071,KING INERTIA,2025,840,false,2025-07-12T06:36:36.836Z,2025-07-12T06:36:36.836Z,4,GREAT NORTH BATTLE 2025
2072,EXALLOS,2025,170,false,2025-07-12T06:36:36.836Z,2025-07-12T06:36:36.836Z,4,MAESTRO BEATBOX AMERICA 2024
1999,Serpent,2023,410,false,2025-07-12T06:36:36.836Z,2025-07-12T06:36:36.836Z,7,Wildcard 3
2076,Osis,2025,372,false,2025-07-12T06:36:36.836Z,2025-07-12T06:36:36.836Z,4,GBB24 top3
2077,Remix,2025,710,false,2025-07-12T06:36:36.836Z,2025-07-12T06:36:36.836Z,4,GBB24 top3
2078,KAJI,2025,392,false,2025-07-12T06:36:36.836Z,2025-07-12T06:36:36.836Z,4,Wildcard 1
2080,STEADY,2025,410,false,2025-07-12T06:36:36.836Z,2025-07-12T06:36:36.836Z,4,Wildcard 3
2081,WING,2025,410,false,2025-07-12T06:36:36.836Z,2025-07-12T06:36:36.836Z,4,Wildcard 4
2082,DEN,2025,124,false,2025-07-12T06:36:36.836Z,2025-07-12T06:36:36.836Z,4,Wildcard 5
2083,DROPICAL,2025,398,false,2025-07-12T06:36:36.836Z,2025-07-12T06:36:36.836Z,4,Wildcard 6
2084,FRESH TONIC,2025,250,false,2025-07-12T06:36:36.836Z,2025-07-12T06:36:36.836Z,5,GBB24 top3
2085,MICO,2025,392,false,2025-07-12T06:36:36.836Z,2025-07-12T06:36:36.836Z,5,GBB24 top3
2086,JAIRO,2025,392,true,2025-07-12T06:36:36.836Z,2025-07-12T06:36:36.836Z,5,GBB24 top3
2087,Hiss & WING,2025,410,false,2025-07-12T06:36:36.836Z,2025-07-12T06:36:36.836Z,5,Wildcard 1
2088,MaxSkill,2025,100,false,2025-07-12T06:36:36.836Z,2025-07-12T06:36:36.836Z,5,Wildcard 2
2089,Dari,2025,392,false,2025-07-12T06:36:36.836Z,2025-07-12T06:36:36.836Z,5,Wildcard 3
2090,"Timbre, the Carrier",2025,156,false,2025-07-12T06:36:36.836Z,2025-07-12T06:36:36.836Z,5,Wildcard 4
2091,equilibrium,2025,840,false,2025-07-12T06:36:36.836Z,2025-07-12T06:36:36.836Z,5,Wildcard 5
2092,Kowler Rangers,2025,250,true,2025-07-12T06:36:36.836Z,2025-07-12T06:36:36.836Z,6,GBB24 1st
2093,beatbox house,2025,840,false,2025-07-12T06:36:36.836Z,2025-07-12T06:36:36.836Z,6,Wildcard 1
2096,Recoll,2025,392,false,2025-07-12T06:36:36.836Z,2025-07-12T06:36:36.836Z,6,Wildcard 3
2000,Deity,2023,826,false,2025-07-12T06:36:36.836Z,2025-07-12T06:36:36.836Z,7,Wildcard 4
2098,CODFISH,2025,36,false,2025-07-31T08:25:20.722Z,2025-07-31T08:25:20.722Z,4,Wildcard 8
2075,Julard,2025,250,true,2025-07-12T06:36:36.836Z,2025-07-12T06:36:36.836Z,4,GBB24 top3
2094,orbitt,2025,9999,false,2025-07-12T06:36:36.836Z,2025-07-12T06:36:36.836Z,6,Wildcard 2
1993,S.Q.U.I.D,2023,250,true,2025-07-12T06:36:36.836Z,2025-07-12T06:36:36.836Z,6,Wildcard 3
2101,FUTURE MONSTER,2025,364,false,2025-08-10T10:15:59.025Z,2025-08-10T10:15:59.025Z,5,bcj
2073,MAX,2025,376,false,2025-07-12T06:36:36.836Z,2025-07-12T06:36:36.836Z,4,MENA REGION QUALIFIER
1664,Alem & Skiller,2016,9999,false,2025-07-12T06:36:36.836Z,2025-07-12T06:36:36.836Z,5,invited
2100,MAHIRO,2025,392,false,2025-08-10T08:28:44.586Z,2025-08-10T08:28:44.586Z,1,bcj
2074,PONO,2025,840,false,2025-07-12T06:36:36.836Z,2025-07-12T06:36:36.836Z,4,OCEANIA BEATBOX BATTLE
2099,PACMAX,2025,250,false,2025-08-10T08:27:47.049Z,2025-08-10T08:27:47.049Z,4,bcj
2102,STITCH,2025,458,false,2025-09-30T01:13:11.808Z,2025-09-30T01:13:11.808Z,4,Wildcard 11
2104,patbox,2026,250,false,2025-10-20T12:00:23.634Z,2025-10-20T12:00:23.634Z,4,FLORIDA BEATBOX BATTLE 2026
2079,ABO ICE,2025,682,true,2025-07-12T06:36:36.836Z,2025-07-12T06:36:36.836Z,4,Wildcard 2
2103,LENNARD,2026,276,false,2025-10-12T14:00:08.077Z,2025-10-12T14:00:08.077Z,1,KICKBACK BEATBOX BATTLE 2025
2111,???,2026,0,false,2025-10-20T12:06:50.386Z,2025-10-20T12:06:50.386Z,4,AFRICA & MENA REGIONAL QUALIFIER
2112,???,2026,0,false,2025-10-20T12:07:15.699Z,2025-10-20T12:07:15.699Z,4,ASIA & PACIFIC REGIONAL QUALIFIER
2113,???,2026,0,false,2025-10-20T12:07:43.687Z,2025-10-20T12:07:43.687Z,4,MAESTRO BEATBOX AMÉRICA 2026
2097,IMPROVER,2025,643,true,2025-07-31T08:23:51.390Z,2025-07-31T08:23:51.390Z,4,Wildcard 7
2114,RIVER',2026,250,false,2025-11-03T10:39:06.612Z,2025-11-03T10:39:06.612Z,4,GBB25 7toSmoke
2108,NOVEL VINTAGE ,2026,392,false,2025-10-20T12:03:32.743Z,2025-10-20T12:03:32.743Z,6,bcj crew
2105,MOKBAY,2026,392,false,2025-10-20T12:01:43.479Z,2025-10-20T12:01:43.479Z,1,bcj loopstation
2109,king inertia,2026,840,false,2025-10-20T12:04:14.053Z,2025-10-20T12:04:14.053Z,4,GERMAN BEATBOX CHAMPIONSHIP 2026
2115,PACMax,2026,250,false,2025-12-23T16:45:31.830Z,2025-12-23T16:45:31.830Z,4,GBB25 top3
2110,WAALI,2026,152,false,2025-10-20T12:06:04.295Z,2025-10-20T12:06:04.295Z,4,GREAT NORTH BEATBOX BATTLE 2026
2116,BlackRoll,2026,380,false,2025-12-23T16:46:11.254Z,2025-12-23T16:46:11.254Z,4,GBB25 top3
2117,Wing,2026,410,true,2025-12-23T16:47:43.838Z,2025-12-23T16:47:43.838Z,4,GBB25 top3
2119,FRESH TONIC,2026,250,false,2025-12-23T16:50:04.051Z,2025-12-23T16:50:04.051Z,5,GBB25 top3
2120,MAXSKILL,2026,100,true,2025-12-23T16:50:37.253Z,2025-12-23T16:50:37.253Z,5,GBB25 top3
2121,HISS & WING,2026,410,true,2025-12-23T16:51:26.209Z,2025-12-23T16:51:26.209Z,5,GBB25 top3
2123,WATT,2026,203,false,2025-12-23T17:08:21.321Z,2025-12-23T17:08:21.321Z,9,GBB25 1st
2122,beatbox house,2026,840,true,2025-12-23T17:07:45.178Z,2025-12-23T17:07:45.178Z,6,GBB25 1st
2118,Martin Benati,2026,250,false,2025-12-23T16:48:28.269Z,2025-12-23T16:48:28.269Z,1,GBB25 1st
2125,LEME⋊LA,2026,250,false,2026-03-23T10:14:01.776Z,2026-03-23T10:14:01.776Z,5,Wildcard 6
2126,SARSHIANS,2026,344,false,2026-03-23T10:16:32.463Z,2026-03-23T10:16:32.463Z,5,Wildcard 5
2127,LesPti'Hlou,2026,9999,false,2026-03-23T10:19:47.623Z,2026-03-23T10:19:47.623Z,5,Wildcard 4
2128,DARI,2026,392,false,2026-03-23T10:20:38.436Z,2026-03-23T10:20:38.436Z,5,Wildcard 3
2129,KOTCHA,2026,826,false,2026-03-23T10:21:55.683Z,2026-03-23T10:21:55.683Z,5,Wildcard 2
2130,UNITEAM,2026,250,false,2026-03-23T10:24:12.765Z,2026-03-23T10:24:12.765Z,5,Wildcard 1
2131,Nils,2026,724,false,2026-03-25T10:32:15.616Z,2026-03-25T10:32:15.616Z,1,Wildcard 5
2132,MAHIRO,2026,392,false,2026-03-25T10:33:02.519Z,2026-03-25T10:33:02.519Z,1,Wildcard 4
2135,RAJE,2026,356,false,2026-03-25T10:34:57.723Z,2026-03-25T10:34:57.723Z,1,Wildcard 1
2134,Sora',2026,392,false,2026-03-25T10:34:26.466Z,2026-03-25T10:34:26.466Z,1,Wildcard 3
2133,Tioneb,2026,250,false,2026-03-25T10:33:47.431Z,2026-03-25T10:33:47.431Z,1,Wildcard 2
2136,D-low,2026,826,false,2026-03-28T11:00:04.579Z,2026-03-28T11:00:04.579Z,4,Wildcard 1
2137,FootboxG,2026,56,false,2026-03-28T11:00:29.288Z,2026-03-28T11:00:29.288Z,4,Wildcard 2
2138,KAJI,2026,392,false,2026-03-28T11:00:52.109Z,2026-03-28T11:00:52.109Z,4,Wildcard 3
2139,Marvelous,2026,360,false,2026-03-28T11:01:17.907Z,2026-03-28T11:01:17.907Z,4,Wildcard 4
2141,ABX,2026,356,false,2026-03-28T11:02:04.919Z,2026-03-28T11:02:04.919Z,4,Wildcard 6
2142,Stitch,2026,458,false,2026-03-28T11:02:28.178Z,2026-03-28T11:02:28.178Z,4,Wildcard 7
2143,G-Wizz,2026,56,false,2026-03-28T11:02:47.940Z,2026-03-28T11:02:47.940Z,4,Wildcard 8
2144,H-has,2026,410,false,2026-03-28T11:03:05.477Z,2026-03-28T11:03:05.477Z,4,Wildcard 9
2124,REMIX,2026,710,false,2026-01-21T11:17:32.092Z,2026-01-21T11:17:32.092Z,4,COMEBACK Wildcard
2145,VERBAL DAMAGE,2026,9999,false,2026-05-01T11:56:55.460Z,2026-05-01T11:56:55.460Z,6,Wildcard 1
2147,M-AGE,2026,203,false,2026-05-03T09:32:36.488Z,2026-05-03T09:32:36.488Z,9,Wildcard 1
2146,SLETHER,2026,276,false,2026-05-03T09:29:01.316Z,2026-05-03T09:29:01.316Z,9,Wildcard 2
2107,Bookie Blanco,2026,250,false,2025-10-20T12:02:43.410Z,2025-10-20T12:02:43.410Z,4,bcj solo
2106,UMA,2026,392,false,2025-10-20T12:02:13.028Z,2025-10-20T12:02:13.028Z,5,bcj tag team
2148,THE YOUNG DRUG,2026,356,false,2026-05-23T03:53:12.094Z,2026-05-23T03:53:12.094Z,6,Wildcard 2
2149,DOUBLE TEAM,2026,840,false,2026-05-23T03:54:14.981Z,2026-05-23T03:54:14.981Z,6,Wildcard 3
2151,BREZ,2026,250,false,2026-06-04T12:44:53.977Z,2026-06-04T12:44:53.977Z,8,-
2153,EXALLOS,2026,170,false,2026-06-07T06:55:22.133Z,2026-06-07T06:55:22.133Z,4,Wildcard 10
2152,Crythix,2026,208,false,2026-06-04T12:46:03.203Z,2026-06-04T12:46:03.203Z,10,-
1967,ABO ICE,2023,682,false,2025-07-12T06:36:36.836Z,2025-07-12T06:36:36.836Z,4,Wildcard 2
